-- CityCommunity Data
insert into CityCommunity (CommunityID, Location) values (1, 'East Side');
insert into CityCommunity (CommunityID, Location) values (2, 'Midtown');
insert into CityCommunity (CommunityID, Location) values (3, 'West End');
insert into CityCommunity (CommunityID, Location) values (4, 'West End');
insert into CityCommunity (CommunityID, Location) values (5, 'Downtown');
insert into CityCommunity (CommunityID, Location) values (6, 'Midtown');
insert into CityCommunity (CommunityID, Location) values (7, 'Uptown');
insert into CityCommunity (CommunityID, Location) values (8, 'West End');
insert into CityCommunity (CommunityID, Location) values (9, 'Downtown');
insert into CityCommunity (CommunityID, Location) values (10, 'West End');
insert into CityCommunity (CommunityID, Location) values (11, 'East Side');
insert into CityCommunity (CommunityID, Location) values (12, 'East Side');
insert into CityCommunity (CommunityID, Location) values (13, 'West End');
insert into CityCommunity (CommunityID, Location) values (14, 'West End');
insert into CityCommunity (CommunityID, Location) values (15, 'Downtown');
insert into CityCommunity (CommunityID, Location) values (16, 'Downtown');
insert into CityCommunity (CommunityID, Location) values (17, 'West End');
insert into CityCommunity (CommunityID, Location) values (18, 'West End');
insert into CityCommunity (CommunityID, Location) values (19, 'Uptown');
insert into CityCommunity (CommunityID, Location) values (20, 'East Side');
insert into CityCommunity (CommunityID, Location) values (21, 'East Side');
insert into CityCommunity (CommunityID, Location) values (22, 'Midtown');
insert into CityCommunity (CommunityID, Location) values (23, 'Downtown');
insert into CityCommunity (CommunityID, Location) values (24, 'Midtown');
insert into CityCommunity (CommunityID, Location) values (25, 'Midtown');
insert into CityCommunity (CommunityID, Location) values (26, 'Downtown');
insert into CityCommunity (CommunityID, Location) values (27, 'West End');
insert into CityCommunity (CommunityID, Location) values (28, 'Midtown');
insert into CityCommunity (CommunityID, Location) values (29, 'West End');
insert into CityCommunity (CommunityID, Location) values (30, 'Uptown');

-- Housing Data
insert into Housing (HousingID, Availability, Style, Location) values (1, 'occupied', 'Yurt', 'North End');
insert into Housing (HousingID, Availability, Style, Location) values (2, 'occupied', 'Yurt', 'Midtown');
insert into Housing (HousingID, Availability, Style, Location) values (3, 'vacant', 'Mobile Home', 'North End');
insert into Housing (HousingID, Availability, Style, Location) values (4, 'under contract', 'Fraternity/Sorority House', 'South Side');
insert into Housing (HousingID, Availability, Style, Location) values (5, 'coming soon', 'Apartment', 'South Side');
insert into Housing (HousingID, Availability, Style, Location) values (6, 'pending inspection', 'Apartment', 'East Side');
insert into Housing (HousingID, Availability, Style, Location) values (7, 'occupied', 'Tiny House', 'West End');
insert into Housing (HousingID, Availability, Style, Location) values (8, 'under contract', 'Loft', 'Downtown');
insert into Housing (HousingID, Availability, Style, Location) values (9, 'for sale', 'Mobile Home', 'South Side');
insert into Housing (HousingID, Availability, Style, Location) values (10, 'leased', 'Mobile Home', 'South Side');
insert into Housing (HousingID, Availability, Style, Location) values (11, 'pending inspection', 'Townhouse', 'East Side');
insert into Housing (HousingID, Availability, Style, Location) values (12, 'vacant', 'Treehouse', 'North End');
insert into Housing (HousingID, Availability, Style, Location) values (13, 'vacant', 'Fraternity/Sorority House', 'South Side');
insert into Housing (HousingID, Availability, Style, Location) values (14, 'under contract', 'Townhouse', 'West End');
insert into Housing (HousingID, Availability, Style, Location) values (15, 'off market', 'Fraternity/Sorority House', 'East Side');
insert into Housing (HousingID, Availability, Style, Location) values (16, 'under contract', 'Loft', 'Downtown');
insert into Housing (HousingID, Availability, Style, Location) values (17, 'off market', 'Tiny House', 'Midtown');
insert into Housing (HousingID, Availability, Style, Location) values (18, 'occupied', 'Apartment', 'East Side');
insert into Housing (HousingID, Availability, Style, Location) values (19, 'coming soon', 'Cottage', 'North End');
insert into Housing (HousingID, Availability, Style, Location) values (20, 'for sale', 'Treehouse', 'West End');
insert into Housing (HousingID, Availability, Style, Location) values (21, 'leased', 'Treehouse', 'East Side');
insert into Housing (HousingID, Availability, Style, Location) values (22, 'for sale', 'Yurt', 'North End');
insert into Housing (HousingID, Availability, Style, Location) values (23, 'for sale', 'Yurt', 'North End');
insert into Housing (HousingID, Availability, Style, Location) values (24, 'occupied', 'Apartment', 'West End');
insert into Housing (HousingID, Availability, Style, Location) values (25, 'occupied', 'Cottage', 'Downtown');
insert into Housing (HousingID, Availability, Style, Location) values (26, 'off market', 'Apartment', 'East Side');
insert into Housing (HousingID, Availability, Style, Location) values (27, 'vacant', 'Loft', 'North End');
insert into Housing (HousingID, Availability, Style, Location) values (28, 'under contract', 'Tiny House', 'Midtown');
insert into Housing (HousingID, Availability, Style, Location) values (29, 'leased', 'Yurt', 'North End');
insert into Housing (HousingID, Availability, Style, Location) values (30, 'for sale', 'Dormitory', 'West End');
insert into Housing (HousingID, Availability, Style, Location) values (31, 'occupied', 'Mobile Home', 'South Side');
insert into Housing (HousingID, Availability, Style, Location) values (32, 'leased', 'Dormitory', 'North End');
insert into Housing (HousingID, Availability, Style, Location) values (33, 'occupied', 'Cottage', 'North End');
insert into Housing (HousingID, Availability, Style, Location) values (34, 'off market', 'Yurt', 'West End');
insert into Housing (HousingID, Availability, Style, Location) values (35, 'occupied', 'Loft', 'Uptown');
insert into Housing (HousingID, Availability, Style, Location) values (36, 'pending inspection', 'Tiny House', 'South Side');
insert into Housing (HousingID, Availability, Style, Location) values (37, 'occupied', 'Fraternity/Sorority House', 'Uptown');
insert into Housing (HousingID, Availability, Style, Location) values (38, 'under contract', 'Yurt', 'East Side');
insert into Housing (HousingID, Availability, Style, Location) values (39, 'leased', 'Dormitory', 'East Side');
insert into Housing (HousingID, Availability, Style, Location) values (40, 'coming soon', 'Tiny House', 'West End');
insert into Housing (HousingID, Availability, Style, Location) values (41, 'available', 'Tiny House', 'South Side');
insert into Housing (HousingID, Availability, Style, Location) values (42, 'available', 'Loft', 'South Side');
insert into Housing (HousingID, Availability, Style, Location) values (43, 'available', 'Tiny House', 'West End');
insert into Housing (HousingID, Availability, Style, Location) values (44, 'pending inspection', 'Yurt', 'East Side');
insert into Housing (HousingID, Availability, Style, Location) values (45, 'available', 'Townhouse', 'West End');
insert into Housing (HousingID, Availability, Style, Location) values (46, 'occupied', 'Cottage', 'North End');
insert into Housing (HousingID, Availability, Style, Location) values (47, 'vacant', 'Townhouse', 'South Side');
insert into Housing (HousingID, Availability, Style, Location) values (48, 'coming soon', 'Townhouse', 'Midtown');
insert into Housing (HousingID, Availability, Style, Location) values (49, 'under renovation', 'Cottage', 'Downtown');
insert into Housing (HousingID, Availability, Style, Location) values (50, 'leased', 'Yurt', 'East Side');

-- User data
insert into User (UserID, Name, Email, Role, PermissionsLevel) values (1, 'Letizia Cabell', 'lcabell0@wikispaces.com', 'IT Administrator', 'guest');
insert into User (UserID, Name, Email, Role, PermissionsLevel) values (2, 'Mira Lynock', 'mlynock1@webnode.com', 'IT Administrator', 'admin');
insert into User (UserID, Name, Email, Role, PermissionsLevel) values (3, 'Caro Molnar', 'cmolnar2@digg.com', 'IT Administrator', 'limited');
insert into User (UserID, Name, Email, Role, PermissionsLevel) values (4, 'Christos Boulsher', 'cboulsher3@admin.ch', 'System Administrator', 'guest');
insert into User (UserID, Name, Email, Role, PermissionsLevel) values (5, 'Jess Leneve', 'jleneve4@archive.org', 'IT Administrator', 'user');
insert into User (UserID, Name, Email, Role, PermissionsLevel) values (6, 'Jordan Harfoot', 'jharfoot5@1688.com', 'IT Administrator', 'admin');
insert into User (UserID, Name, Email, Role, PermissionsLevel) values (7, 'Yorke Leyzell', 'yleyzell6@cmu.edu', 'Network Administrator', 'guest');
insert into User (UserID, Name, Email, Role, PermissionsLevel) values (8, 'Sigrid Kigelman', 'skigelman7@washington.edu', 'System Administrator', 'user');
insert into User (UserID, Name, Email, Role, PermissionsLevel) values (9, 'Feodora Blackaller', 'fblackaller8@usnews.com', 'Network Administrator', 'user');
insert into User (UserID, Name, Email, Role, PermissionsLevel) values (10, 'Ambrose Jeandon', 'ajeandon9@unicef.org', 'Network Administrator', 'guest');
insert into User (UserID, Name, Email, Role, PermissionsLevel) values (11, 'Spence Chastey', 'schasteya@china.com.cn', 'System Administrator', 'admin');
insert into User (UserID, Name, Email, Role, PermissionsLevel) values (12, 'Eartha Colqueran', 'ecolqueranb@apple.com', 'System Administrator', 'admin');
insert into User (UserID, Name, Email, Role, PermissionsLevel) values (13, 'Kinna Woolsey', 'kwoolseyc@homestead.com', 'IT Administrator', 'moderator');
insert into User (UserID, Name, Email, Role, PermissionsLevel) values (14, 'Nathan Tolworthie', 'ntolworthied@spotify.com', 'System Administrator', 'admin');
insert into User (UserID, Name, Email, Role, PermissionsLevel) values (15, 'Diane Cancellieri', 'dcancellierie@qq.com', 'Network Administrator', 'limited');
insert into User (UserID, Name, Email, Role, PermissionsLevel) values (16, 'Horatio Purdon', 'hpurdonf@histats.com', 'IT Administrator', 'guest');
insert into User (UserID, Name, Email, Role, PermissionsLevel) values (17, 'Elvin Danes', 'edanesg@japanpost.jp', 'Network Administrator', 'moderator');
insert into User (UserID, Name, Email, Role, PermissionsLevel) values (18, 'Dori Callow', 'dcallowh@mac.com', 'IT Administrator', 'user');
insert into User (UserID, Name, Email, Role, PermissionsLevel) values (19, 'Ediva Malter', 'emalteri@craigslist.org', 'IT Administrator', 'admin');
insert into User (UserID, Name, Email, Role, PermissionsLevel) values (20, 'Lyn Paskerful', 'lpaskerfulj@yellowpages.com', 'System Administrator', 'admin');
insert into User (UserID, Name, Email, Role, PermissionsLevel) values (21, 'Arleta Clayden', 'aclaydenk@discovery.com', 'System Administrator', 'guest');
insert into User (UserID, Name, Email, Role, PermissionsLevel) values (22, 'Marietta Ropars', 'mroparsl@purevolume.com', 'Network Administrator', 'moderator');
insert into User (UserID, Name, Email, Role, PermissionsLevel) values (23, 'Brade O''Rodane', 'borodanem@sohu.com', 'Network Administrator', 'admin');
insert into User (UserID, Name, Email, Role, PermissionsLevel) values (24, 'Cammy Crichmere', 'ccrichmeren@mediafire.com', 'Network Administrator', 'user');
insert into User (UserID, Name, Email, Role, PermissionsLevel) values (25, 'Elwira Szymanzyk', 'eszymanzyko@noaa.gov', 'System Administrator', 'limited');
insert into User (UserID, Name, Email, Role, PermissionsLevel) values (26, 'Lorenzo Duerdin', 'lduerdinp@java.com', 'System Administrator', 'moderator');
insert into User (UserID, Name, Email, Role, PermissionsLevel) values (27, 'Austin Latchmore', 'alatchmoreq@pen.io', 'IT Administrator', 'user');
insert into User (UserID, Name, Email, Role, PermissionsLevel) values (28, 'Park Brettell', 'pbrettellr@reddit.com', 'Network Administrator', 'guest');
insert into User (UserID, Name, Email, Role, PermissionsLevel) values (29, 'Bess MacMichael', 'bmacmichaels@spotify.com', 'System Administrator', 'user');
insert into User (UserID, Name, Email, Role, PermissionsLevel) values (30, 'Pedro Gatherer', 'pgatherert@vkontakte.ru', 'IT Administrator', 'user');

-- Ticket
insert into Ticket (TicketID, UserID, IssueType, Status, Priority, ReceivedDate, ResolvedDate) values (1, 1, 'search function not working', 'completed', 'Medium', '4/5/2024', '2/4/2024');
insert into Ticket (TicketID, UserID, IssueType, Status, Priority, ReceivedDate, ResolvedDate) values (2, 2, 'payment processing error', 'completed', 'Medium', '10/2/2024', '5/15/2024');
insert into Ticket (TicketID, UserID, IssueType, Status, Priority, ReceivedDate, ResolvedDate) values (3, 3, 'video playback issue', 'cancelled', 'Low', '5/21/2024', '6/8/2024');
insert into Ticket (TicketID, UserID, IssueType, Status, Priority, ReceivedDate, ResolvedDate) values (4, 4, 'page not loading', 'cancelled', 'High', '5/30/2024', '3/22/2024');
insert into Ticket (TicketID, UserID, IssueType, Status, Priority, ReceivedDate, ResolvedDate) values (5, 5, 'broken link', 'cancelled', 'High', '12/26/2023', '11/23/2024');
insert into Ticket (TicketID, UserID, IssueType, Status, Priority, ReceivedDate, ResolvedDate) values (6, 6, 'payment processing error', 'pending', 'High', '2/12/2024', '1/19/2024');
insert into Ticket (TicketID, UserID, IssueType, Status, Priority, ReceivedDate, ResolvedDate) values (7, 7, 'missing images', 'pending', 'Low', '7/18/2024', '6/13/2024');
insert into Ticket (TicketID, UserID, IssueType, Status, Priority, ReceivedDate, ResolvedDate) values (8, 8, 'incorrect password', 'pending', 'Medium', '7/29/2024', '1/2/2024');
insert into Ticket (TicketID, UserID, IssueType, Status, Priority, ReceivedDate, ResolvedDate) values (9, 9, 'login error', 'completed', 'Medium', '2/22/2024', '9/28/2024');
insert into Ticket (TicketID, UserID, IssueType, Status, Priority, ReceivedDate, ResolvedDate) values (10, 10, 'page not loading', 'pending', 'High', '7/24/2024', '5/24/2024');
insert into Ticket (TicketID, UserID, IssueType, Status, Priority, ReceivedDate, ResolvedDate) values (11, 11, 'search function not working', 'pending', 'High', '1/25/2024', '7/7/2024');
insert into Ticket (TicketID, UserID, IssueType, Status, Priority, ReceivedDate, ResolvedDate) values (12, 12, 'payment processing error', 'cancelled', 'Low', '5/25/2024', '5/22/2024');
insert into Ticket (TicketID, UserID, IssueType, Status, Priority, ReceivedDate, ResolvedDate) values (13, 13, 'formatting problem', 'pending', 'Low', '1/12/2024', '9/8/2024');
insert into Ticket (TicketID, UserID, IssueType, Status, Priority, ReceivedDate, ResolvedDate) values (14, 14, 'missing images', 'cancelled', 'Low', '1/12/2024', '1/18/2024');
insert into Ticket (TicketID, UserID, IssueType, Status, Priority, ReceivedDate, ResolvedDate) values (15, 15, 'search function not working', 'cancelled', 'Medium', '1/3/2024', '5/23/2024');
insert into Ticket (TicketID, UserID, IssueType, Status, Priority, ReceivedDate, ResolvedDate) values (16, 16, 'slow performance', 'completed', 'Low', '2/16/2024', '9/30/2024');
insert into Ticket (TicketID, UserID, IssueType, Status, Priority, ReceivedDate, ResolvedDate) values (17, 17, 'slow performance', 'pending', 'High', '3/27/2024', '7/2/2024');
insert into Ticket (TicketID, UserID, IssueType, Status, Priority, ReceivedDate, ResolvedDate) values (18, 18, 'payment processing error', 'pending', 'Medium', '8/14/2024', '10/16/2024');
insert into Ticket (TicketID, UserID, IssueType, Status, Priority, ReceivedDate, ResolvedDate) values (19, 19, 'payment processing error', 'pending', 'Medium', '8/20/2024', '10/6/2024');
insert into Ticket (TicketID, UserID, IssueType, Status, Priority, ReceivedDate, ResolvedDate) values (20, 20, 'missing images', 'pending', 'High', '8/12/2024', '11/14/2024');
insert into Ticket (TicketID, UserID, IssueType, Status, Priority, ReceivedDate, ResolvedDate) values (21, 21, 'broken link', 'pending', 'Medium', '1/15/2024', '4/20/2024');
insert into Ticket (TicketID, UserID, IssueType, Status, Priority, ReceivedDate, ResolvedDate) values (22, 22, 'payment processing error', 'pending', 'Low', '12/9/2023', '1/23/2024');
insert into Ticket (TicketID, UserID, IssueType, Status, Priority, ReceivedDate, ResolvedDate) values (23, 23, 'search function not working', 'completed', 'Medium', '2/5/2024', '2/18/2024');
insert into Ticket (TicketID, UserID, IssueType, Status, Priority, ReceivedDate, ResolvedDate) values (24, 24, 'formatting problem', 'completed', 'Low', '4/6/2024', '8/9/2024');
insert into Ticket (TicketID, UserID, IssueType, Status, Priority, ReceivedDate, ResolvedDate) values (25, 25, 'video playback issue', 'pending', 'High', '8/22/2024', '8/19/2024');
insert into Ticket (TicketID, UserID, IssueType, Status, Priority, ReceivedDate, ResolvedDate) values (26, 26, 'search function not working', 'pending', 'Medium', '7/19/2024', '9/25/2024');
insert into Ticket (TicketID, UserID, IssueType, Status, Priority, ReceivedDate, ResolvedDate) values (27, 27, 'broken link', 'cancelled', 'High', '5/20/2024', '1/22/2024');
insert into Ticket (TicketID, UserID, IssueType, Status, Priority, ReceivedDate, ResolvedDate) values (28, 28, 'broken link', 'cancelled', 'High', '7/23/2024', '12/3/2023');
insert into Ticket (TicketID, UserID, IssueType, Status, Priority, ReceivedDate, ResolvedDate) values (29, 29, 'broken link', 'pending', 'Low', '10/16/2024', '7/15/2024');
insert into Ticket (TicketID, UserID, IssueType, Status, Priority, ReceivedDate, ResolvedDate) values (30, 30, 'login error', 'completed', 'Low', '7/8/2024', '3/14/2024');
insert into Ticket (TicketID, UserID, IssueType, Status, Priority, ReceivedDate, ResolvedDate) values (31, 31, 'formatting problem', 'cancelled', 'High', '11/2/2024', '2/13/2024');
insert into Ticket (TicketID, UserID, IssueType, Status, Priority, ReceivedDate, ResolvedDate) values (32, 32, 'incorrect password', 'cancelled', 'Medium', '5/2/2024', '1/2/2024');
insert into Ticket (TicketID, UserID, IssueType, Status, Priority, ReceivedDate, ResolvedDate) values (33, 33, 'missing images', 'completed', 'Low', '3/28/2024', '3/10/2024');
insert into Ticket (TicketID, UserID, IssueType, Status, Priority, ReceivedDate, ResolvedDate) values (34, 34, 'slow performance', 'completed', 'High', '7/4/2024', '3/22/2024');
insert into Ticket (TicketID, UserID, IssueType, Status, Priority, ReceivedDate, ResolvedDate) values (35, 35, 'formatting problem', 'completed', 'Medium', '3/20/2024', '6/17/2024');
insert into Ticket (TicketID, UserID, IssueType, Status, Priority, ReceivedDate, ResolvedDate) values (36, 36, 'incorrect password', 'completed', 'Low', '12/28/2023', '5/24/2024');
insert into Ticket (TicketID, UserID, IssueType, Status, Priority, ReceivedDate, ResolvedDate) values (37, 37, 'formatting problem', 'cancelled', 'High', '5/16/2024', '8/2/2024');
insert into Ticket (TicketID, UserID, IssueType, Status, Priority, ReceivedDate, ResolvedDate) values (38, 38, 'slow performance', 'pending', 'High', '1/5/2024', '1/2/2024');
insert into Ticket (TicketID, UserID, IssueType, Status, Priority, ReceivedDate, ResolvedDate) values (39, 39, 'page not loading', 'completed', 'Medium', '5/21/2024', '6/8/2024');
insert into Ticket (TicketID, UserID, IssueType, Status, Priority, ReceivedDate, ResolvedDate) values (40, 40, 'incorrect password', 'cancelled', 'High', '2/18/2024', '11/18/2024');

