-- CityCommunity Data
insert into CityCommunity (CommunityID, Location) values (1, 'San Francisco');
insert into CityCommunity (CommunityID, Location) values (2, 'San Jose');
insert into CityCommunity (CommunityID, Location) values (3, 'Los Angeles');
insert into CityCommunity (CommunityID, Location) values (4, 'London');
insert into CityCommunity (CommunityID, Location) values (5, 'Boston');
insert into CityCommunity (CommunityID, Location) values (6, 'New York City');
insert into CityCommunity (CommunityID, Location) values (7, 'Chicago');
insert into CityCommunity (CommunityID, Location) values (8, 'Seattle');
insert into CityCommunity (CommunityID, Location) values (9, 'D.C.');
insert into CityCommunity (CommunityID, Location) values (10, 'Atlanta');


-- Housing Data
insert into Housing (HousingID, Availability, Style, Location) values (1, 'Vacant', 'Dormitory', 'San Francisco');
insert into Housing (HousingID, Availability, Style, Location) values (2, 'Occupied', 'Apartment', 'San Jose');
insert into Housing (HousingID, Availability, Style, Location) values (3, 'Pending approval', 'Fraternity/Sorority House', 'Los Angeles');
insert into Housing (HousingID, Availability, Style, Location) values (4, 'Vacant', 'Off-Campus House', 'London');
insert into Housing (HousingID, Availability, Style, Location) values (5, 'Occupied', 'Townhouse', 'Boston');
insert into Housing (HousingID, Availability, Style, Location) values (6, 'Pending approval', 'Co-op Housing', 'New York City');
insert into Housing (HousingID, Availability, Style, Location) values (7, 'Vacant', 'Tiny House', 'Chicago');
insert into Housing (HousingID, Availability, Style, Location) values (8, 'Occupied', 'Loft', 'Seattle');
insert into Housing (HousingID, Availability, Style, Location) values (9, 'Pending approval', 'Studio Apartment', 'D.C.');
insert into Housing (HousingID, Availability, Style, Location) values (10, 'Vacant', 'Shared Room', 'San Francisco');
insert into Housing (HousingID, Availability, Style, Location) values (11, 'Occupied', 'Dormitory', 'San Jose');
insert into Housing (HousingID, Availability, Style, Location) values (12, 'Pending approval', 'Apartment', 'Los Angeles');
insert into Housing (HousingID, Availability, Style, Location) values (13, 'Vacant', 'Fraternity/Sorority House', 'London');
insert into Housing (HousingID, Availability, Style, Location) values (14, 'Occupied', 'Off-Campus House', 'Boston');
insert into Housing (HousingID, Availability, Style, Location) values (15, 'Pending approval', 'Townhouse', 'New York City');
insert into Housing (HousingID, Availability, Style, Location) values (16, 'Vacant', 'Co-op Housing', 'Chicago');
insert into Housing (HousingID, Availability, Style, Location) values (17, 'Occupied', 'Tiny House', 'Seattle');
insert into Housing (HousingID, Availability, Style, Location) values (18, 'Pending approval', 'Loft', 'D.C.');
insert into Housing (HousingID, Availability, Style, Location) values (19, 'Vacant', 'Studio Apartment', 'San Francisco');
insert into Housing (HousingID, Availability, Style, Location) values (20, 'Occupied', 'Shared Room', 'San Jose');
insert into Housing (HousingID, Availability, Style, Location) values (21, 'Pending approval', 'Dormitory', 'Los Angeles');
insert into Housing (HousingID, Availability, Style, Location) values (22, 'Vacant', 'Apartment', 'London');
insert into Housing (HousingID, Availability, Style, Location) values (23, 'Occupied', 'Fraternity/Sorority House', 'Boston');
insert into Housing (HousingID, Availability, Style, Location) values (24, 'Pending approval', 'Off-Campus House', 'New York City');
insert into Housing (HousingID, Availability, Style, Location) values (25, 'Vacant', 'Townhouse', 'Chicago');
insert into Housing (HousingID, Availability, Style, Location) values (26, 'Occupied', 'Co-op Housing', 'Seattle');
insert into Housing (HousingID, Availability, Style, Location) values (27, 'Pending approval', 'Tiny House', 'D.C.');
insert into Housing (HousingID, Availability, Style, Location) values (28, 'Vacant', 'Loft', 'San Francisco');
insert into Housing (HousingID, Availability, Style, Location) values (29, 'Occupied', 'Studio Apartment', 'San Jose');
insert into Housing (HousingID, Availability, Style, Location) values (30, 'Pending approval', 'Shared Room', 'Los Angeles');
insert into Housing (HousingID, Availability, Style, Location) values (31, 'Vacant', 'Dormitory', 'London');
insert into Housing (HousingID, Availability, Style, Location) values (32, 'Occupied', 'Apartment', 'Boston');
insert into Housing (HousingID, Availability, Style, Location) values (33, 'Pending approval', 'Fraternity/Sorority House', 'New York City');
insert into Housing (HousingID, Availability, Style, Location) values (34, 'Vacant', 'Off-Campus House', 'Chicago');
insert into Housing (HousingID, Availability, Style, Location) values (35, 'Occupied', 'Townhouse', 'Seattle');
insert into Housing (HousingID, Availability, Style, Location) values (36, 'Pending approval', 'Co-op Housing', 'D.C.');
insert into Housing (HousingID, Availability, Style, Location) values (37, 'Vacant', 'Tiny House', 'San Francisco');
insert into Housing (HousingID, Availability, Style, Location) values (38, 'Occupied', 'Loft', 'San Jose');
insert into Housing (HousingID, Availability, Style, Location) values (39, 'Pending approval', 'Studio Apartment', 'Los Angeles');
insert into Housing (HousingID, Availability, Style, Location) values (40, 'Vacant', 'Shared Room', 'London');
insert into Housing (HousingID, Availability, Style, Location) values (41, 'Occupied', 'Dormitory', 'Boston');
insert into Housing (HousingID, Availability, Style, Location) values (42, 'Pending approval', 'Apartment', 'New York City');
insert into Housing (HousingID, Availability, Style, Location) values (43, 'Vacant', 'Fraternity/Sorority House', 'Chicago');
insert into Housing (HousingID, Availability, Style, Location) values (44, 'Occupied', 'Off-Campus House', 'Seattle');
insert into Housing (HousingID, Availability, Style, Location) values (45, 'Pending approval', 'Townhouse', 'D.C.');
insert into Housing (HousingID, Availability, Style, Location) values (46, 'Vacant', 'Co-op Housing', 'San Francisco');
insert into Housing (HousingID, Availability, Style, Location) values (47, 'Occupied', 'Tiny House', 'San Jose');
insert into Housing (HousingID, Availability, Style, Location) values (48, 'Pending approval', 'Loft', 'Los Angeles');
insert into Housing (HousingID, Availability, Style, Location) values (49, 'Vacant', 'Studio Apartment', 'London');
insert into Housing (HousingID, Availability, Style, Location) values (50, 'Occupied', 'Shared Room', 'Boston');

-- User data
insert into User (UserID, Name, Email, Role, PermissionsLevel) values (1, 'Letizia Cabell', 'lcabell0@wikispaces.com', 'IT Administrator', 'guest');
insert into User (UserID, Name, Email, Role, PermissionsLevel) values (2, 'Mira Lynock', 'mlynock1@webnode.com', 'IT Administrator', 'admin');
insert into User (UserID, Name, Email, Role, PermissionsLevel) values (3, 'Caro Molnar', 'cmolnar2@digg.com', 'IT Administrator', 'limited');
insert into User (UserID, Name, Email, Role, PermissionsLevel) values (4, 'Christos Boulsher', 'cboulsher3@admin.ch', 'System Administrator', 'guest');
insert into User (UserID, Name, Email, Role, PermissionsLevel) values (5, 'Jess Leneve', 'jleneve4@archive.org', 'IT Administrator', 'user');
insert into User (UserID, Name, Email, Role, PermissionsLevel) values (6, 'Jordan Harfoot', 'jharfoot5@1688.com', 'IT Administrator', 'admin');
insert into User (UserID, Name, Email, Role, PermissionsLevel) values (7, 'Yorke Leyzell', 'yleyzell6@cmu.edu', 'Network Administrator', 'guest');
insert into User (UserID, Name, Email, Role, PermissionsLevel) values (8, 'Sigrid Kigelman', 'skigelman7@washington.edu', 'System Administrator', 'user');
insert into User (UserID, Name, Email, Role, PermissionsLevel) values (9, 'Feodora Blackaller', 'fblackaller8@usnews.com', 'Network Administrator', 'user');
insert into User (UserID, Name, Email, Role, PermissionsLevel) values (10, 'Ambrose Jeandon', 'ajeandon9@unicef.org', 'Network Administrator', 'guest');
insert into User (UserID, Name, Email, Role, PermissionsLevel) values (11, 'Spence Chastey', 'schasteya@china.com.cn', 'System Administrator', 'admin');
insert into User (UserID, Name, Email, Role, PermissionsLevel) values (12, 'Eartha Colqueran', 'ecolqueranb@apple.com', 'System Administrator', 'admin');
insert into User (UserID, Name, Email, Role, PermissionsLevel) values (13, 'Kinna Woolsey', 'kwoolseyc@homestead.com', 'IT Administrator', 'moderator');
insert into User (UserID, Name, Email, Role, PermissionsLevel) values (14, 'Nathan Tolworthie', 'ntolworthied@spotify.com', 'System Administrator', 'admin');
insert into User (UserID, Name, Email, Role, PermissionsLevel) values (15, 'Diane Cancellieri', 'dcancellierie@qq.com', 'Network Administrator', 'limited');
insert into User (UserID, Name, Email, Role, PermissionsLevel) values (16, 'Horatio Purdon', 'hpurdonf@histats.com', 'IT Administrator', 'guest');
insert into User (UserID, Name, Email, Role, PermissionsLevel) values (17, 'Elvin Danes', 'edanesg@japanpost.jp', 'Network Administrator', 'moderator');
insert into User (UserID, Name, Email, Role, PermissionsLevel) values (18, 'Dori Callow', 'dcallowh@mac.com', 'IT Administrator', 'user');
insert into User (UserID, Name, Email, Role, PermissionsLevel) values (19, 'Ediva Malter', 'emalteri@craigslist.org', 'IT Administrator', 'admin');
insert into User (UserID, Name, Email, Role, PermissionsLevel) values (20, 'Lyn Paskerful', 'lpaskerfulj@yellowpages.com', 'System Administrator', 'admin');
insert into User (UserID, Name, Email, Role, PermissionsLevel) values (21, 'Arleta Clayden', 'aclaydenk@discovery.com', 'System Administrator', 'guest');
insert into User (UserID, Name, Email, Role, PermissionsLevel) values (22, 'Marietta Ropars', 'mroparsl@purevolume.com', 'Network Administrator', 'moderator');
insert into User (UserID, Name, Email, Role, PermissionsLevel) values (23, 'Brade O''Rodane', 'borodanem@sohu.com', 'Network Administrator', 'admin');
insert into User (UserID, Name, Email, Role, PermissionsLevel) values (24, 'Cammy Crichmere', 'ccrichmeren@mediafire.com', 'Network Administrator', 'user');
insert into User (UserID, Name, Email, Role, PermissionsLevel) values (25, 'Elwira Szymanzyk', 'eszymanzyko@noaa.gov', 'System Administrator', 'limited');
insert into User (UserID, Name, Email, Role, PermissionsLevel) values (26, 'Lorenzo Duerdin', 'lduerdinp@java.com', 'System Administrator', 'moderator');
insert into User (UserID, Name, Email, Role, PermissionsLevel) values (27, 'Austin Latchmore', 'alatchmoreq@pen.io', 'IT Administrator', 'user');
insert into User (UserID, Name, Email, Role, PermissionsLevel) values (28, 'Park Brettell', 'pbrettellr@reddit.com', 'Network Administrator', 'guest');
insert into User (UserID, Name, Email, Role, PermissionsLevel) values (29, 'Bess MacMichael', 'bmacmichaels@spotify.com', 'System Administrator', 'user');
insert into User (UserID, Name, Email, Role, PermissionsLevel) values (30, 'Pedro Gatherer', 'pgatherert@vkontakte.ru', 'IT Administrator', 'user');

-- Ticket
insert into Ticket (TicketID, UserID, IssueType, Status, Priority, ReceivedDate, ResolvedDate) values (1, 1, 'search function not working', 'completed', 'Medium', '4/5/2024', '2/4/2024');
insert into Ticket (TicketID, UserID, IssueType, Status, Priority, ReceivedDate, ResolvedDate) values (2, 2, 'payment processing error', 'completed', 'Medium', '10/2/2024', '5/15/2024');
insert into Ticket (TicketID, UserID, IssueType, Status, Priority, ReceivedDate, ResolvedDate) values (3, 3, 'video playback issue', 'cancelled', 'Low', '5/21/2024', '6/8/2024');
insert into Ticket (TicketID, UserID, IssueType, Status, Priority, ReceivedDate, ResolvedDate) values (4, 4, 'page not loading', 'cancelled', 'High', '5/30/2024', '3/22/2024');
insert into Ticket (TicketID, UserID, IssueType, Status, Priority, ReceivedDate, ResolvedDate) values (5, 5, 'broken link', 'cancelled', 'High', '12/26/2023', '11/23/2024');
insert into Ticket (TicketID, UserID, IssueType, Status, Priority, ReceivedDate, ResolvedDate) values (6, 6, 'payment processing error', 'pending', 'High', '2/12/2024', '1/19/2024');
insert into Ticket (TicketID, UserID, IssueType, Status, Priority, ReceivedDate, ResolvedDate) values (7, 7, 'missing images', 'pending', 'Low', '7/18/2024', '6/13/2024');
insert into Ticket (TicketID, UserID, IssueType, Status, Priority, ReceivedDate, ResolvedDate) values (8, 8, 'incorrect password', 'pending', 'Medium', '7/29/2024', '1/2/2024');
insert into Ticket (TicketID, UserID, IssueType, Status, Priority, ReceivedDate, ResolvedDate) values (9, 9, 'login error', 'completed', 'Medium', '2/22/2024', '9/28/2024');
insert into Ticket (TicketID, UserID, IssueType, Status, Priority, ReceivedDate, ResolvedDate) values (10, 10, 'page not loading', 'pending', 'High', '7/24/2024', '5/24/2024');
insert into Ticket (TicketID, UserID, IssueType, Status, Priority, ReceivedDate, ResolvedDate) values (11, 11, 'search function not working', 'pending', 'High', '1/25/2024', '7/7/2024');
insert into Ticket (TicketID, UserID, IssueType, Status, Priority, ReceivedDate, ResolvedDate) values (12, 12, 'payment processing error', 'cancelled', 'Low', '5/25/2024', '5/22/2024');
insert into Ticket (TicketID, UserID, IssueType, Status, Priority, ReceivedDate, ResolvedDate) values (13, 13, 'formatting problem', 'pending', 'Low', '1/12/2024', '9/8/2024');
insert into Ticket (TicketID, UserID, IssueType, Status, Priority, ReceivedDate, ResolvedDate) values (14, 14, 'missing images', 'cancelled', 'Low', '1/12/2024', '1/18/2024');
insert into Ticket (TicketID, UserID, IssueType, Status, Priority, ReceivedDate, ResolvedDate) values (15, 15, 'search function not working', 'cancelled', 'Medium', '1/3/2024', '5/23/2024');
insert into Ticket (TicketID, UserID, IssueType, Status, Priority, ReceivedDate, ResolvedDate) values (16, 16, 'slow performance', 'completed', 'Low', '2/16/2024', '9/30/2024');
insert into Ticket (TicketID, UserID, IssueType, Status, Priority, ReceivedDate, ResolvedDate) values (17, 17, 'slow performance', 'pending', 'High', '3/27/2024', '7/2/2024');
insert into Ticket (TicketID, UserID, IssueType, Status, Priority, ReceivedDate, ResolvedDate) values (18, 18, 'payment processing error', 'pending', 'Medium', '8/14/2024', '10/16/2024');
insert into Ticket (TicketID, UserID, IssueType, Status, Priority, ReceivedDate, ResolvedDate) values (19, 19, 'payment processing error', 'pending', 'Medium', '8/20/2024', '10/6/2024');
insert into Ticket (TicketID, UserID, IssueType, Status, Priority, ReceivedDate, ResolvedDate) values (20, 20, 'missing images', 'pending', 'High', '8/12/2024', '11/14/2024');
insert into Ticket (TicketID, UserID, IssueType, Status, Priority, ReceivedDate, ResolvedDate) values (21, 21, 'broken link', 'pending', 'Medium', '1/15/2024', '4/20/2024');
insert into Ticket (TicketID, UserID, IssueType, Status, Priority, ReceivedDate, ResolvedDate) values (22, 22, 'payment processing error', 'pending', 'Low', '12/9/2023', '1/23/2024');
insert into Ticket (TicketID, UserID, IssueType, Status, Priority, ReceivedDate, ResolvedDate) values (23, 23, 'search function not working', 'completed', 'Medium', '2/5/2024', '2/18/2024');
insert into Ticket (TicketID, UserID, IssueType, Status, Priority, ReceivedDate, ResolvedDate) values (24, 24, 'formatting problem', 'completed', 'Low', '4/6/2024', '8/9/2024');
insert into Ticket (TicketID, UserID, IssueType, Status, Priority, ReceivedDate, ResolvedDate) values (25, 25, 'video playback issue', 'pending', 'High', '8/22/2024', '8/19/2024');
insert into Ticket (TicketID, UserID, IssueType, Status, Priority, ReceivedDate, ResolvedDate) values (26, 26, 'search function not working', 'pending', 'Medium', '7/19/2024', '9/25/2024');
insert into Ticket (TicketID, UserID, IssueType, Status, Priority, ReceivedDate, ResolvedDate) values (27, 27, 'broken link', 'cancelled', 'High', '5/20/2024', '1/22/2024');
insert into Ticket (TicketID, UserID, IssueType, Status, Priority, ReceivedDate, ResolvedDate) values (28, 28, 'broken link', 'cancelled', 'High', '7/23/2024', '12/3/2023');
insert into Ticket (TicketID, UserID, IssueType, Status, Priority, ReceivedDate, ResolvedDate) values (29, 29, 'broken link', 'pending', 'Low', '10/16/2024', '7/15/2024');
insert into Ticket (TicketID, UserID, IssueType, Status, Priority, ReceivedDate, ResolvedDate) values (30, 30, 'login error', 'completed', 'Low', '7/8/2024', '3/14/2024');
insert into Ticket (TicketID, UserID, IssueType, Status, Priority, ReceivedDate, ResolvedDate) values (31, 31, 'formatting problem', 'cancelled', 'High', '11/2/2024', '2/13/2024');
insert into Ticket (TicketID, UserID, IssueType, Status, Priority, ReceivedDate, ResolvedDate) values (32, 32, 'incorrect password', 'cancelled', 'Medium', '5/2/2024', '1/2/2024');
insert into Ticket (TicketID, UserID, IssueType, Status, Priority, ReceivedDate, ResolvedDate) values (33, 33, 'missing images', 'completed', 'Low', '3/28/2024', '3/10/2024');
insert into Ticket (TicketID, UserID, IssueType, Status, Priority, ReceivedDate, ResolvedDate) values (34, 34, 'slow performance', 'completed', 'High', '7/4/2024', '3/22/2024');
insert into Ticket (TicketID, UserID, IssueType, Status, Priority, ReceivedDate, ResolvedDate) values (35, 35, 'formatting problem', 'completed', 'Medium', '3/20/2024', '6/17/2024');
insert into Ticket (TicketID, UserID, IssueType, Status, Priority, ReceivedDate, ResolvedDate) values (36, 36, 'incorrect password', 'completed', 'Low', '12/28/2023', '5/24/2024');
insert into Ticket (TicketID, UserID, IssueType, Status, Priority, ReceivedDate, ResolvedDate) values (37, 37, 'formatting problem', 'cancelled', 'High', '5/16/2024', '8/2/2024');
insert into Ticket (TicketID, UserID, IssueType, Status, Priority, ReceivedDate, ResolvedDate) values (38, 38, 'slow performance', 'pending', 'High', '1/5/2024', '1/2/2024');
insert into Ticket (TicketID, UserID, IssueType, Status, Priority, ReceivedDate, ResolvedDate) values (39, 39, 'page not loading', 'completed', 'Medium', '5/21/2024', '6/8/2024');
insert into Ticket (TicketID, UserID, IssueType, Status, Priority, ReceivedDate, ResolvedDate) values (40, 40, 'incorrect password', 'cancelled', 'High', '2/18/2024', '11/18/2024');

-- Student data
insert into Student (StudentID, Name, Major, Location, Company, HousingStatus, CarpoolStatus, Budget, LeaseDuration, Cleanliness, Lifestyle, CommuteTime, CommuteDays, Bio, CommunityID, HousingID) values (1, 'Rhett Pepperell', 'Biology', 'Seattle', 'Innotype', 'Not interested', 'Has Car', '$1200', '6 months', 'Neat', 'Night-Owl', 40, 6, 'Enjoys gardening and growing own vegetables', '3', 8);
insert into Student (StudentID, Name, Major, Location, Company, HousingStatus, CarpoolStatus, Budget, LeaseDuration, Cleanliness, Lifestyle, CommuteTime, CommuteDays, Bio, CommunityID, HousingID) values (2, 'Tuesday Passie', 'Physics', 'London', 'Babbleset', 'Has Housing', 'Not interested', '$1000', '1 year', 'Minimal', 'Independent', 15, 7, 'Enjoys reading mystery novels and solving puzzles', '10', 17);
insert into Student (StudentID, Name, Major, Location, Company, HousingStatus, CarpoolStatus, Budget, LeaseDuration, Cleanliness, Lifestyle, CommuteTime, CommuteDays, Bio, CommunityID, HousingID) values (3, 'Lorenzo Eyre', 'Sociology', 'Chicago', 'Aimbo', 'Looking for Roommates', 'Offering Carpool', '$300', '6 months', 'Minimal', 'Quiet', 40, 2, 'Passionate about cooking and trying new recipes', '2', 8);
insert into Student (StudentID, Name, Major, Location, Company, HousingStatus, CarpoolStatus, Budget, LeaseDuration, Cleanliness, Lifestyle, CommuteTime, CommuteDays, Bio, CommunityID, HousingID) values (4, 'Gavrielle Devennie', 'Psychology', 'New York City', 'Mycat', 'Not interested', 'Not interested', '$1300', '4 months', 'Cluttered', 'Active', 30, 6, 'Passionate about volunteering and giving back to the community', '7', 27);
insert into Student (StudentID, Name, Major, Location, Company, HousingStatus, CarpoolStatus, Budget, LeaseDuration, Cleanliness, Lifestyle, CommuteTime, CommuteDays, Bio, CommunityID, HousingID) values (5, 'Gordan Lucio', 'Psychology', 'Chicago', 'Realfire', 'Has Housing', 'Looking for Carpool', '$1400', '6 months', 'Minimal', 'Independent', 40, 4, 'Loves animals and volunteering at animal shelters', '9', 34);
insert into Student (StudentID, Name, Major, Location, Company, HousingStatus, CarpoolStatus, Budget, LeaseDuration, Cleanliness, Lifestyle, CommuteTime, CommuteDays, Bio, CommunityID, HousingID) values (6, 'Rona Readie', 'Psychology', 'New York City', 'Chatterbridge', 'Offering Housing', 'Not interested', '$1200', '6 months', 'Neat', 'Night-Owl', 10, 5, 'Fascinated by astronomy and stargazing', '7', 31);
insert into Student (StudentID, Name, Major, Location, Company, HousingStatus, CarpoolStatus, Budget, LeaseDuration, Cleanliness, Lifestyle, CommuteTime, CommuteDays, Bio, CommunityID, HousingID) values (7, 'Monica Fogden', 'Physics', 'San Francisco', 'Kayveo', 'Offering Housing', 'Offering Carpool', '$1500', '4 months', 'Neat', 'Active', 25, 2, 'Passionate about environmental conservation and sustainability', '7', 50);
insert into Student (StudentID, Name, Major, Location, Company, HousingStatus, CarpoolStatus, Budget, LeaseDuration, Cleanliness, Lifestyle, CommuteTime, CommuteDays, Bio, CommunityID, HousingID) values (8, 'Ramonda Presswell', 'Sociology', 'Seattle', 'Thoughtbeat', 'Has Housing', 'Carpool Established', '$2500', '4 months', 'Spotless', 'Independent', 45, 4, 'Adventurous spirit with a love for travel and experiencing new cultures', '4', 17);
insert into Student (StudentID, Name, Major, Location, Company, HousingStatus, CarpoolStatus, Budget, LeaseDuration, Cleanliness, Lifestyle, CommuteTime, CommuteDays, Bio, CommunityID, HousingID) values (9, 'Jerrome Lathan', 'Physics', 'Seattle', 'Tagtune', 'Not interested', 'Offering Carpool', '$1500', '4 months', 'Neat', 'Extroverted', 25, 4, 'Enjoys reading mystery novels and solving puzzles', '10', 44);
insert into Student (StudentID, Name, Major, Location, Company, HousingStatus, CarpoolStatus, Budget, LeaseDuration, Cleanliness, Lifestyle, CommuteTime, CommuteDays, Bio, CommunityID, HousingID) values (10, 'Gerta Parfett', 'Sociology', 'Boston', 'Thoughtsphere', 'Offering Housing', 'Not interested', '$1400', '1 year', 'Organized', 'Independent', 15, 3, 'Passionate about environmental conservation and sustainability', '4', 1);
insert into Student (StudentID, Name, Major, Location, Company, HousingStatus, CarpoolStatus, Budget, LeaseDuration, Cleanliness, Lifestyle, CommuteTime, CommuteDays, Bio, CommunityID, HousingID) values (11, 'Toiboid Caroll', 'Psychology', 'New York City', 'Devpoint', 'Offering Housing', 'Carpool Established', '$1600', '4 months', 'Neat', 'Introverted', 35, 5, 'Fascinated by technology and exploring new gadgets', '9', 40);
insert into Student (StudentID, Name, Major, Location, Company, HousingStatus, CarpoolStatus, Budget, LeaseDuration, Cleanliness, Lifestyle, CommuteTime, CommuteDays, Bio, CommunityID, HousingID) values (12, 'Bryant Bradborne', 'Art', 'London', 'Meedoo', 'Looking for Roommates', 'Has Car', '$800', '4 months', 'Cluttered', 'Extroverted', 45, 7, 'Loves watching documentaries and learning about different topics', '', 17);
insert into Student (StudentID, Name, Major, Location, Company, HousingStatus, CarpoolStatus, Budget, LeaseDuration, Cleanliness, Lifestyle, CommuteTime, CommuteDays, Bio, CommunityID, HousingID) values (13, 'Barnabe Whear', 'Biology', 'Boston', 'Livetube', 'Has Housing', 'Has Car', '$1100', '6 months', 'Minimal', 'Studious', 15, 1, 'Fascinated by history and visiting historical sites', '7', 13);
insert into Student (StudentID, Name, Major, Location, Company, HousingStatus, CarpoolStatus, Budget, LeaseDuration, Cleanliness, Lifestyle, CommuteTime, CommuteDays, Bio, CommunityID, HousingID) values (14, 'Rossie Franzoli', 'Psychology', 'Seattle', 'Eare', 'Offering Housing', 'Carpool Established', '$300', '4 months', 'Messy', 'Extroverted', 20, 1, 'Enjoys reading mystery novels and solving puzzles', '4', 20);
insert into Student (StudentID, Name, Major, Location, Company, HousingStatus, CarpoolStatus, Budget, LeaseDuration, Cleanliness, Lifestyle, CommuteTime, CommuteDays, Bio, CommunityID, HousingID) values (15, 'Anatola Catterill', 'Psychology', 'Seattle', 'Bluezoom', 'Has Housing', 'Not interested', '$900', '6 months', 'Neat', 'Introverted', 30, 6, 'Loves hiking and exploring new trails', '', 32);
insert into Student (StudentID, Name, Major, Location, Company, HousingStatus, CarpoolStatus, Budget, LeaseDuration, Cleanliness, Lifestyle, CommuteTime, CommuteDays, Bio, CommunityID, HousingID) values (16, 'Hy Agglio', 'Biology', 'Chicago', 'Feedfish', 'Offering Housing', 'Not interested', '$2000', '1 year', 'Messy', 'Independent', 15, 3, 'Loves watching documentaries and learning about different topics', '2', 43);
insert into Student (StudentID, Name, Major, Location, Company, HousingStatus, CarpoolStatus, Budget, LeaseDuration, Cleanliness, Lifestyle, CommuteTime, CommuteDays, Bio, CommunityID, HousingID) values (17, 'Mal Julien', 'Biology', 'Los Angeles', 'Rhycero', 'Offering Housing', 'Has Car', '$900', '1 year', 'Spotless', 'Social', 15, 6, 'Fascinated by psychology and understanding human behavior', '7', 17);
insert into Student (StudentID, Name, Major, Location, Company, HousingStatus, CarpoolStatus, Budget, LeaseDuration, Cleanliness, Lifestyle, CommuteTime, CommuteDays, Bio, CommunityID, HousingID) values (18, 'Odelia Willicott', 'Art', 'London', 'Yombu', 'Offering Housing', 'Looking for Carpool', '$1300', '6 months', 'Cluttered', 'Studious', 50, 4, 'Loves animals and volunteering at animal shelters', '3', 15);
insert into Student (StudentID, Name, Major, Location, Company, HousingStatus, CarpoolStatus, Budget, LeaseDuration, Cleanliness, Lifestyle, CommuteTime, CommuteDays, Bio, CommunityID, HousingID) values (19, 'Hurlee Paynes', 'Mathematics', 'London', 'Jayo', 'Not interested', 'Carpool Established', '$900', '4 months', 'Cluttered', 'Extroverted', 45, 7, 'Fascinated by astronomy and stargazing', '', 5);
insert into Student (StudentID, Name, Major, Location, Company, HousingStatus, CarpoolStatus, Budget, LeaseDuration, Cleanliness, Lifestyle, CommuteTime, CommuteDays, Bio, CommunityID, HousingID) values (20, 'Krysta Quinion', 'Mathematics', 'Seattle', 'Wordify', 'Offering Housing', 'Looking for Carpool', '$1600', '6 months', 'Minimal', 'Studious', 25, 7, 'Enjoys DIY projects and crafting handmade items', '4', 49);
insert into Student (StudentID, Name, Major, Location, Company, HousingStatus, CarpoolStatus, Budget, LeaseDuration, Cleanliness, Lifestyle, CommuteTime, CommuteDays, Bio, CommunityID, HousingID) values (21, 'Shanda Feld', 'Physics', 'Chicago', 'Jamia', 'Offering Housing', 'Carpool Established', '$1200', '1 year', 'Organized', 'Night-Owl', 55, 3, 'Fascinated by history and visiting historical sites', '8', 24);
insert into Student (StudentID, Name, Major, Location, Company, HousingStatus, CarpoolStatus, Budget, LeaseDuration, Cleanliness, Lifestyle, CommuteTime, CommuteDays, Bio, CommunityID, HousingID) values (22, 'Lari Panchen', 'Psychology', 'San Francisco', 'Youtags', 'Not interested', 'Carpool Established', '$1900', '1 year', 'Minimal', 'Extroverted', 25, 7, 'Fascinated by history and visiting historical sites', '7', 23);
insert into Student (StudentID, Name, Major, Location, Company, HousingStatus, CarpoolStatus, Budget, LeaseDuration, Cleanliness, Lifestyle, CommuteTime, CommuteDays, Bio, CommunityID, HousingID) values (23, 'Stevie Atkin', 'Sociology', 'London', 'Ooba', 'Looking for Roommates', 'Not interested', '$1500', '4 months', 'Spotless', 'Social', 50, 1, 'Passionate about environmental conservation and sustainability', '', 8);
insert into Student (StudentID, Name, Major, Location, Company, HousingStatus, CarpoolStatus, Budget, LeaseDuration, Cleanliness, Lifestyle, CommuteTime, CommuteDays, Bio, CommunityID, HousingID) values (24, 'Bobette Drohane', 'Biology', 'Los Angeles', 'Mybuzz', 'Not interested', 'Offering Carpool', '$1800', '4 months', 'Cluttered', 'Quiet', 20, 5, 'Loves hiking and exploring new trails', '9', 27);
insert into Student (StudentID, Name, Major, Location, Company, HousingStatus, CarpoolStatus, Budget, LeaseDuration, Cleanliness, Lifestyle, CommuteTime, CommuteDays, Bio, CommunityID, HousingID) values (25, 'Boot Marushak', 'Finance', 'San Jose', 'Topicware', 'Has Housing', 'Looking for Carpool', '$600', '1 year', 'Neat', 'Social', 25, 2, 'Enjoys reading mystery novels and solving puzzles', '8', 19);
insert into Student (StudentID, Name, Major, Location, Company, HousingStatus, CarpoolStatus, Budget, LeaseDuration, Cleanliness, Lifestyle, CommuteTime, CommuteDays, Bio, CommunityID, HousingID) values (26, 'Malory Cotgrave', 'Data Science', 'Boston', 'Jabberstorm', 'Looking for Roommates', 'Offering Carpool', '$900', '4 months', 'Spotless', 'Night-Owl', 35, 7, 'Enjoys photography and capturing beautiful moments', '8', 44);
insert into Student (StudentID, Name, Major, Location, Company, HousingStatus, CarpoolStatus, Budget, LeaseDuration, Cleanliness, Lifestyle, CommuteTime, CommuteDays, Bio, CommunityID, HousingID) values (27, 'Jody Brownbridge', 'Psychology', 'London', 'Tavu', 'Looking for Roommates', 'Not interested', '$1700', '4 months', 'Cluttered', 'Night-Owl', 20, 7, 'Passionate about volunteering and giving back to the community', '3', 2);
insert into Student (StudentID, Name, Major, Location, Company, HousingStatus, CarpoolStatus, Budget, LeaseDuration, Cleanliness, Lifestyle, CommuteTime, CommuteDays, Bio, CommunityID, HousingID) values (28, 'Bethanne Triggs', 'Computer Science', 'San Jose', 'Topdrive', 'Offering Housing', 'Has Car', '$900', '1 year', 'Spotless', 'Quiet', 20, 6, 'Fascinated by psychology and understanding human behavior', '10', 39);
insert into Student (StudentID, Name, Major, Location, Company, HousingStatus, CarpoolStatus, Budget, LeaseDuration, Cleanliness, Lifestyle, CommuteTime, CommuteDays, Bio, CommunityID, HousingID) values (29, 'Shelley Drohan', 'Finance', 'London', 'Omba', 'Has Housing', 'Has Car', '$800', '4 months', 'Cluttered', 'Night-Owl', 45, 1, 'Fascinated by technology and exploring new gadgets', '7', 42);
insert into Student (StudentID, Name, Major, Location, Company, HousingStatus, CarpoolStatus, Budget, LeaseDuration, Cleanliness, Lifestyle, CommuteTime, CommuteDays, Bio, CommunityID, HousingID) values (30, 'Cris Roullier', 'Chemistry', 'San Jose', 'Shufflebeat', 'Not interested', 'Has Car', '$1500', '1 year', 'Cluttered', 'Social', 25, 5, 'Loves playing musical instruments and composing music', '4', 24);
insert into Student (StudentID, Name, Major, Location, Company, HousingStatus, CarpoolStatus, Budget, LeaseDuration, Cleanliness, Lifestyle, CommuteTime, CommuteDays, Bio, CommunityID, HousingID) values (31, 'Mercie Dury', 'Computer Science', 'Seattle', 'Edgeblab', 'Looking for Housing', 'Offering Carpool', '$300', '4 months', 'Cluttered', 'Introverted', 45, 6, 'Loves animals and volunteering at animal shelters', '3', 29);
insert into Student (StudentID, Name, Major, Location, Company, HousingStatus, CarpoolStatus, Budget, LeaseDuration, Cleanliness, Lifestyle, CommuteTime, CommuteDays, Bio, CommunityID, HousingID) values (32, 'Angelia Edgecombe', 'Mathematics', 'San Francisco', 'Youspan', 'Offering Housing', 'Has Car', '$900', '1 year', 'Messy', 'Studious', 35, 1, 'Enjoys painting and expressing creativity through art', '9', 6);
insert into Student (StudentID, Name, Major, Location, Company, HousingStatus, CarpoolStatus, Budget, LeaseDuration, Cleanliness, Lifestyle, CommuteTime, CommuteDays, Bio, CommunityID, HousingID) values (33, 'Sigmund Adderley', 'Biology', 'D.C.', 'Divanoodle', 'Has Housing', 'Offering Carpool', '$1500', '1 year', 'Neat', 'Extroverted', 15, 5, 'Passionate about environmental conservation and sustainability', '3', 21);
insert into Student (StudentID, Name, Major, Location, Company, HousingStatus, CarpoolStatus, Budget, LeaseDuration, Cleanliness, Lifestyle, CommuteTime, CommuteDays, Bio, CommunityID, HousingID) values (34, 'Tedda Fincher', 'Finance', 'Chicago', 'Jaloo', 'Offering Housing', 'Not interested', '$900', '1 year', 'Neat', 'Active', 10, 4, 'Passionate about fitness and leading a healthy lifestyle', '1', 48);
insert into Student (StudentID, Name, Major, Location, Company, HousingStatus, CarpoolStatus, Budget, LeaseDuration, Cleanliness, Lifestyle, CommuteTime, CommuteDays, Bio, CommunityID, HousingID) values (35, 'Vivian Kilgallen', 'Art', 'New York City', 'Dabshots', 'Looking for Roommates', 'Has Car', '$1100', '4 months', 'Messy', 'Active', 25, 4, 'Fascinated by psychology and understanding human behavior', '7', 13);
insert into Student (StudentID, Name, Major, Location, Company, HousingStatus, CarpoolStatus, Budget, LeaseDuration, Cleanliness, Lifestyle, CommuteTime, CommuteDays, Bio, CommunityID, HousingID) values (36, 'Polly Danielut', 'Chemistry', 'Boston', 'Jabbersphere', 'Offering Housing', 'Offering Carpool', '$1700', '6 months', 'Organized', 'Studious', 25, 4, 'Loves hiking and exploring new trails', '10', 1);
insert into Student (StudentID, Name, Major, Location, Company, HousingStatus, CarpoolStatus, Budget, LeaseDuration, Cleanliness, Lifestyle, CommuteTime, CommuteDays, Bio, CommunityID, HousingID) values (37, 'Carlina Berrow', 'Sociology', 'D.C.', 'Youspan', 'Looking for Roommates', 'Carpool Established', '$700', '6 months', 'Neat', 'Active', 30, 1, 'Fascinated by technology and exploring new gadgets', '1', 7);
insert into Student (StudentID, Name, Major, Location, Company, HousingStatus, CarpoolStatus, Budget, LeaseDuration, Cleanliness, Lifestyle, CommuteTime, CommuteDays, Bio, CommunityID, HousingID) values (38, 'Caesar Belvin', 'Psychology', 'New York City', 'Topicshots', 'Looking for Housing', 'Has Car', '$2500', '6 months', 'Neat', 'Studious', 35, 2, 'Enjoys painting and expressing creativity through art', '10', 29);
insert into Student (StudentID, Name, Major, Location, Company, HousingStatus, CarpoolStatus, Budget, LeaseDuration, Cleanliness, Lifestyle, CommuteTime, CommuteDays, Bio, CommunityID, HousingID) values (39, 'Maris Dark', 'Physics', 'Boston', 'Youspan', 'Looking for Roommates', 'Not interested', '$1200', '1 year', 'Spotless', 'Social', 55, 5, 'Enjoys photography and capturing beautiful moments', '', 42);
insert into Student (StudentID, Name, Major, Location, Company, HousingStatus, CarpoolStatus, Budget, LeaseDuration, Cleanliness, Lifestyle, CommuteTime, CommuteDays, Bio, CommunityID, HousingID) values (40, 'Philippine Wrintmore', 'Sociology', 'Los Angeles', 'Flipbug', 'Offering Housing', 'Not interested', '$700', '4 months', 'Spotless', 'Introverted', 30, 7, 'Enjoys painting and expressing creativity through art', '10', 2);
insert into Student (StudentID, Name, Major, Location, Company, HousingStatus, CarpoolStatus, Budget, LeaseDuration, Cleanliness, Lifestyle, CommuteTime, CommuteDays, Bio, CommunityID, HousingID) values (41, 'Niko Maidens', 'Biology', 'New York City', 'Yabox', 'Offering Housing', 'Looking for Carpool', '$1000', '4 months', 'Minimal', 'Studious', 45, 5, 'Loves animals and volunteering at animal shelters', '2', 3);
insert into Student (StudentID, Name, Major, Location, Company, HousingStatus, CarpoolStatus, Budget, LeaseDuration, Cleanliness, Lifestyle, CommuteTime, CommuteDays, Bio, CommunityID, HousingID) values (42, 'Trey Poskitt', 'Art', 'D.C.', 'Pixope', 'Has Housing', 'Offering Carpool', '$400', '1 year', 'Cluttered', 'Studious', 55, 2, 'Loves playing musical instruments and composing music', '10', 18);
insert into Student (StudentID, Name, Major, Location, Company, HousingStatus, CarpoolStatus, Budget, LeaseDuration, Cleanliness, Lifestyle, CommuteTime, CommuteDays, Bio, CommunityID, HousingID) values (43, 'El Wessing', 'Data Science', 'Boston', 'Yombu', 'Has Housing', 'Not interested', '$1800', '4 months', 'Neat', 'Social', 15, 3, 'Passionate about environmental conservation and sustainability', '1', 10);
insert into Student (StudentID, Name, Major, Location, Company, HousingStatus, CarpoolStatus, Budget, LeaseDuration, Cleanliness, Lifestyle, CommuteTime, CommuteDays, Bio, CommunityID, HousingID) values (44, 'Opal Adel', 'Data Science', 'D.C.', 'Wordpedia', 'Not interested', 'Looking for Carpool', '$1800', '4 months', 'Spotless', 'Extroverted', 10, 3, 'Enjoys DIY projects and crafting handmade items', '8', 29);
insert into Student (StudentID, Name, Major, Location, Company, HousingStatus, CarpoolStatus, Budget, LeaseDuration, Cleanliness, Lifestyle, CommuteTime, CommuteDays, Bio, CommunityID, HousingID) values (45, 'Gertrud Obeney', 'Finance', 'San Francisco', 'Eare', 'Looking for Roommates', 'Looking for Carpool', '$1900', '1 year', 'Spotless', 'Night-Owl', 45, 7, 'Fascinated by history and visiting historical sites', '9', 21);
insert into Student (StudentID, Name, Major, Location, Company, HousingStatus, CarpoolStatus, Budget, LeaseDuration, Cleanliness, Lifestyle, CommuteTime, CommuteDays, Bio, CommunityID, HousingID) values (46, 'Mandel Raffeorty', 'Sociology', 'London', 'Yamia', 'Has Housing', 'Looking for Carpool', '$600', '4 months', 'Spotless', 'Active', 35, 4, 'Loves playing musical instruments and composing music', '4', 49);
insert into Student (StudentID, Name, Major, Location, Company, HousingStatus, CarpoolStatus, Budget, LeaseDuration, Cleanliness, Lifestyle, CommuteTime, CommuteDays, Bio, CommunityID, HousingID) values (47, 'Chickie Handforth', 'Physics', 'Chicago', 'Zava', 'Offering Housing', 'Looking for Carpool', '$1700', '1 year', 'Organized', 'Independent', 50, 6, 'Enjoys photography and capturing beautiful moments', '2', 49);
insert into Student (StudentID, Name, Major, Location, Company, HousingStatus, CarpoolStatus, Budget, LeaseDuration, Cleanliness, Lifestyle, CommuteTime, CommuteDays, Bio, CommunityID, HousingID) values (48, 'Kalie Moiser', 'Biology', 'New York City', 'Vimbo', 'Looking for Roommates', 'Looking for Carpool', '$1900', '4 months', 'Minimal', 'Night-Owl', 15, 3, 'Fascinated by astronomy and stargazing', '1', 29);
insert into Student (StudentID, Name, Major, Location, Company, HousingStatus, CarpoolStatus, Budget, LeaseDuration, Cleanliness, Lifestyle, CommuteTime, CommuteDays, Bio, CommunityID, HousingID) values (49, 'Callida Tunno', 'Mathematics', 'London', 'Twiyo', 'Not interested', 'Carpool Established', '$1100', '1 year', 'Minimal', 'Studious', 35, 5, 'Enjoys photography and capturing beautiful moments', '1', 12);
insert into Student (StudentID, Name, Major, Location, Company, HousingStatus, CarpoolStatus, Budget, LeaseDuration, Cleanliness, Lifestyle, CommuteTime, CommuteDays, Bio, CommunityID, HousingID) values (50, 'Elsy Karlowicz', 'Physics', 'San Jose', 'Flipstorm', 'Looking for Housing', 'Looking for Carpool', '$600', '6 months', 'Spotless', 'Extroverted', 30, 5, 'Loves hiking and exploring new trails', '3', 11);
insert into Student (StudentID, Name, Major, Location, Company, HousingStatus, CarpoolStatus, Budget, LeaseDuration, Cleanliness, Lifestyle, CommuteTime, CommuteDays, Bio, CommunityID, HousingID) values (51, 'Corbin Ishaki', 'Sociology', 'Chicago', 'Buzzster', 'Not interested', 'Carpool Established', '$1000', '1 year', 'Minimal', 'Independent', 30, 1, 'Loves playing musical instruments and composing music', '9', 7);
insert into Student (StudentID, Name, Major, Location, Company, HousingStatus, CarpoolStatus, Budget, LeaseDuration, Cleanliness, Lifestyle, CommuteTime, CommuteDays, Bio, CommunityID, HousingID) values (52, 'Aurie Wakeman', 'Computer Science', 'Los Angeles', 'Yozio', 'Looking for Roommates', 'Carpool Established', '$1200', '6 months', 'Organized', 'Independent', 25, 4, 'Enjoys photography and capturing beautiful moments', '2', 12);
insert into Student (StudentID, Name, Major, Location, Company, HousingStatus, CarpoolStatus, Budget, LeaseDuration, Cleanliness, Lifestyle, CommuteTime, CommuteDays, Bio, CommunityID, HousingID) values (53, 'Kirstyn Busby', 'Biology', 'San Francisco', 'Fiveclub', 'Looking for Housing', 'Offering Carpool', '$800', '6 months', 'Cluttered', 'Introverted', 25, 7, 'Passionate about cooking and trying new recipes', '7', 44);
insert into Student (StudentID, Name, Major, Location, Company, HousingStatus, CarpoolStatus, Budget, LeaseDuration, Cleanliness, Lifestyle, CommuteTime, CommuteDays, Bio, CommunityID, HousingID) values (54, 'Garreth Dusting', 'Mathematics', 'San Francisco', 'Voonte', 'Not interested', 'Has Car', '$2000', '1 year', 'Cluttered', 'Quiet', 55, 2, 'Passionate about volunteering and giving back to the community', '', 12);
insert into Student (StudentID, Name, Major, Location, Company, HousingStatus, CarpoolStatus, Budget, LeaseDuration, Cleanliness, Lifestyle, CommuteTime, CommuteDays, Bio, CommunityID, HousingID) values (55, 'Kyle Gerardot', 'Chemistry', 'Boston', 'Roomm', 'Not interested', 'Offering Carpool', '$1300', '4 months', 'Cluttered', 'Introverted', 20, 4, 'Loves playing musical instruments and composing music', '2', 42);
insert into Student (StudentID, Name, Major, Location, Company, HousingStatus, CarpoolStatus, Budget, LeaseDuration, Cleanliness, Lifestyle, CommuteTime, CommuteDays, Bio, CommunityID, HousingID) values (56, 'Dannel Reuben', 'Physics', 'D.C.', 'Thoughtblab', 'Looking for Housing', 'Carpool Established', '$1700', '4 months', 'Organized', 'Studious', 45, 2, 'Enjoys painting and expressing creativity through art', '6', 26);
insert into Student (StudentID, Name, Major, Location, Company, HousingStatus, CarpoolStatus, Budget, LeaseDuration, Cleanliness, Lifestyle, CommuteTime, CommuteDays, Bio, CommunityID, HousingID) values (57, 'Ted Yukhnov', 'Chemistry', 'Los Angeles', 'Feedbug', 'Has Housing', 'Carpool Established', '$300', '6 months', 'Spotless', 'Quiet', 15, 7, 'Loves hiking and exploring new trails', '5', 21);
insert into Student (StudentID, Name, Major, Location, Company, HousingStatus, CarpoolStatus, Budget, LeaseDuration, Cleanliness, Lifestyle, CommuteTime, CommuteDays, Bio, CommunityID, HousingID) values (58, 'Ethe Alven', 'Data Science', 'San Jose', 'Edgeify', 'Offering Housing', 'Offering Carpool', '$1100', '4 months', 'Minimal', 'Extroverted', 30, 5, 'Passionate about volunteering and giving back to the community', '2', 7);
insert into Student (StudentID, Name, Major, Location, Company, HousingStatus, CarpoolStatus, Budget, LeaseDuration, Cleanliness, Lifestyle, CommuteTime, CommuteDays, Bio, CommunityID, HousingID) values (59, 'Fernando Mouse', 'Chemistry', 'New York City', 'Voolia', 'Looking for Roommates', 'Carpool Established', '$900', '6 months', 'Messy', 'Active', 30, 3, 'Loves playing musical instruments and composing music', '8', 32);
insert into Student (StudentID, Name, Major, Location, Company, HousingStatus, CarpoolStatus, Budget, LeaseDuration, Cleanliness, Lifestyle, CommuteTime, CommuteDays, Bio, CommunityID, HousingID) values (60, 'Rockie Elner', 'Psychology', 'Los Angeles', 'Yamia', 'Looking for Housing', 'Not interested', '$1400', '1 year', 'Spotless', 'Introverted', 35, 7, 'Loves playing musical instruments and composing music', '3', 29);
insert into Student (StudentID, Name, Major, Location, Company, HousingStatus, CarpoolStatus, Budget, LeaseDuration, Cleanliness, Lifestyle, CommuteTime, CommuteDays, Bio, CommunityID, HousingID) values (61, 'Coretta Scarasbrick', 'Biology', 'Seattle', 'Photojam', 'Not interested', 'Looking for Carpool', '$700', '4 months', 'Minimal', 'Extroverted', 55, 5, 'Adventurous spirit with a love for travel and experiencing new cultures', '1', 25);
insert into Student (StudentID, Name, Major, Location, Company, HousingStatus, CarpoolStatus, Budget, LeaseDuration, Cleanliness, Lifestyle, CommuteTime, CommuteDays, Bio, CommunityID, HousingID) values (62, 'Consolata Danzelman', 'Biology', 'Seattle', 'Youbridge', 'Has Housing', 'Carpool Established', '$700', '6 months', 'Organized', 'Studious', 10, 6, 'Enjoys yoga and meditation for relaxation', '8', 8);
insert into Student (StudentID, Name, Major, Location, Company, HousingStatus, CarpoolStatus, Budget, LeaseDuration, Cleanliness, Lifestyle, CommuteTime, CommuteDays, Bio, CommunityID, HousingID) values (63, 'Charles Server', 'Art', 'Los Angeles', 'Feedbug', 'Looking for Roommates', 'Not interested', '$1700', '6 months', 'Minimal', 'Social', 55, 7, 'Enjoys reading mystery novels and solving puzzles', '3', 13);
insert into Student (StudentID, Name, Major, Location, Company, HousingStatus, CarpoolStatus, Budget, LeaseDuration, Cleanliness, Lifestyle, CommuteTime, CommuteDays, Bio, CommunityID, HousingID) values (64, 'Rosalynd Mowat', 'Computer Science', 'San Jose', 'Eamia', 'Has Housing', 'Offering Carpool', '$700', '1 year', 'Cluttered', 'Introverted', 10, 5, 'Adventurous spirit with a love for travel and experiencing new cultures', '9', 31);
insert into Student (StudentID, Name, Major, Location, Company, HousingStatus, CarpoolStatus, Budget, LeaseDuration, Cleanliness, Lifestyle, CommuteTime, CommuteDays, Bio, CommunityID, HousingID) values (65, 'Janeva Winton', 'Biology', 'Chicago', 'Dynazzy', 'Looking for Housing', 'Offering Carpool', '$300', '4 months', 'Neat', 'Independent', 30, 7, 'Passionate about cooking and trying new recipes', '5', 30);
insert into Student (StudentID, Name, Major, Location, Company, HousingStatus, CarpoolStatus, Budget, LeaseDuration, Cleanliness, Lifestyle, CommuteTime, CommuteDays, Bio, CommunityID, HousingID) values (66, 'Blakeley McFayden', 'Psychology', 'New York City', 'Trunyx', 'Offering Housing', 'Has Car', '$1200', '4 months', 'Neat', 'Active', 20, 7, 'Enjoys photography and capturing beautiful moments', '10', 49);
insert into Student (StudentID, Name, Major, Location, Company, HousingStatus, CarpoolStatus, Budget, LeaseDuration, Cleanliness, Lifestyle, CommuteTime, CommuteDays, Bio, CommunityID, HousingID) values (67, 'Marian Aguirre', 'Computer Science', 'San Francisco', 'Wikibox', 'Offering Housing', 'Carpool Established', '$300', '6 months', 'Messy', 'Extroverted', 10, 6, 'Fascinated by psychology and understanding human behavior', '3', 34);
insert into Student (StudentID, Name, Major, Location, Company, HousingStatus, CarpoolStatus, Budget, LeaseDuration, Cleanliness, Lifestyle, CommuteTime, CommuteDays, Bio, CommunityID, HousingID) values (68, 'Sergei Piper', 'Biology', 'San Francisco', 'Topicshots', 'Not interested', 'Has Car', '$600', '1 year', 'Spotless', 'Social', 40, 7, 'Enjoys watching sports and playing recreational games', '10', 4);
insert into Student (StudentID, Name, Major, Location, Company, HousingStatus, CarpoolStatus, Budget, LeaseDuration, Cleanliness, Lifestyle, CommuteTime, CommuteDays, Bio, CommunityID, HousingID) values (69, 'Dania Roust', 'Computer Science', 'Boston', 'Cogidoo', 'Looking for Roommates', 'Has Car', '$900', '1 year', 'Messy', 'Quiet', 30, 2, 'Passionate about cooking and trying new recipes', '3', 6);
insert into Student (StudentID, Name, Major, Location, Company, HousingStatus, CarpoolStatus, Budget, LeaseDuration, Cleanliness, Lifestyle, CommuteTime, CommuteDays, Bio, CommunityID, HousingID) values (70, 'Joane Bavidge', 'Physics', 'San Francisco', 'Yakidoo', 'Looking for Roommates', 'Offering Carpool', '$1500', '1 year', 'Neat', 'Independent', 55, 7, 'Passionate about fitness and leading a healthy lifestyle', '10', 50);
insert into Student (StudentID, Name, Major, Location, Company, HousingStatus, CarpoolStatus, Budget, LeaseDuration, Cleanliness, Lifestyle, CommuteTime, CommuteDays, Bio, CommunityID, HousingID) values (71, 'Maisie Huyghe', 'Sociology', 'New York City', 'Linkbuzz', 'Has Housing', 'Carpool Established', '$2500', '4 months', 'Messy', 'Active', 55, 4, 'Passionate about environmental conservation and sustainability', '1', 47);
insert into Student (StudentID, Name, Major, Location, Company, HousingStatus, CarpoolStatus, Budget, LeaseDuration, Cleanliness, Lifestyle, CommuteTime, CommuteDays, Bio, CommunityID, HousingID) values (72, 'Ulrich Grolle', 'Computer Science', 'Los Angeles', 'Thoughtbeat', 'Looking for Roommates', 'Carpool Established', '$1700', '4 months', 'Cluttered', 'Social', 10, 4, 'Loves playing musical instruments and composing music', '7', 41);
insert into Student (StudentID, Name, Major, Location, Company, HousingStatus, CarpoolStatus, Budget, LeaseDuration, Cleanliness, Lifestyle, CommuteTime, CommuteDays, Bio, CommunityID, HousingID) values (73, 'Thor Symington', 'Data Science', 'New York City', 'Nlounge', 'Has Housing', 'Carpool Established', '$300', '6 months', 'Minimal', 'Night-Owl', 55, 1, 'Passionate about environmental conservation and sustainability', '4', 10);
insert into Student (StudentID, Name, Major, Location, Company, HousingStatus, CarpoolStatus, Budget, LeaseDuration, Cleanliness, Lifestyle, CommuteTime, CommuteDays, Bio, CommunityID, HousingID) values (74, 'Penelopa Peet', 'Chemistry', 'Seattle', 'Dazzlesphere', 'Looking for Housing', 'Not interested', '$900', '1 year', 'Organized', 'Active', 55, 6, 'Loves playing musical instruments and composing music', '5', 33);
insert into Student (StudentID, Name, Major, Location, Company, HousingStatus, CarpoolStatus, Budget, LeaseDuration, Cleanliness, Lifestyle, CommuteTime, CommuteDays, Bio, CommunityID, HousingID) values (75, 'Sanson Shenley', 'Biology', 'Chicago', 'Myworks', 'Not interested', 'Looking for Carpool', '$300', '6 months', 'Neat', 'Social', 10, 2, 'Enjoys painting and expressing creativity through art', '3', 27);
insert into Student (StudentID, Name, Major, Location, Company, HousingStatus, CarpoolStatus, Budget, LeaseDuration, Cleanliness, Lifestyle, CommuteTime, CommuteDays, Bio, CommunityID, HousingID) values (76, 'Dorian Ingry', 'Mathematics', 'Boston', 'Zoonder', 'Looking for Housing', 'Looking for Carpool', '$1300', '4 months', 'Spotless', 'Night-Owl', 45, 6, 'Loves animals and volunteering at animal shelters', '3', 17);
insert into Student (StudentID, Name, Major, Location, Company, HousingStatus, CarpoolStatus, Budget, LeaseDuration, Cleanliness, Lifestyle, CommuteTime, CommuteDays, Bio, CommunityID, HousingID) values (77, 'Gerri De Ambrosis', 'Computer Science', 'Boston', 'Tagchat', 'Offering Housing', 'Has Car', '$1600', '1 year', 'Organized', 'Social', 40, 6, 'Fascinated by psychology and understanding human behavior', '9', 30);
insert into Student (StudentID, Name, Major, Location, Company, HousingStatus, CarpoolStatus, Budget, LeaseDuration, Cleanliness, Lifestyle, CommuteTime, CommuteDays, Bio, CommunityID, HousingID) values (78, 'Delly Benediktovich', 'Psychology', 'San Francisco', 'Pixonyx', 'Looking for Housing', 'Carpool Established', '$1400', '4 months', 'Neat', 'Extroverted', 30, 6, 'Loves watching documentaries and learning about different topics', '8', 41);
insert into Student (StudentID, Name, Major, Location, Company, HousingStatus, CarpoolStatus, Budget, LeaseDuration, Cleanliness, Lifestyle, CommuteTime, CommuteDays, Bio, CommunityID, HousingID) values (79, 'Maurie Silverman', 'Psychology', 'Chicago', 'Skajo', 'Offering Housing', 'Has Car', '$1300', '1 year', 'Messy', 'Active', 20, 2, 'Enjoys DIY projects and crafting handmade items', '8', 28);
insert into Student (StudentID, Name, Major, Location, Company, HousingStatus, CarpoolStatus, Budget, LeaseDuration, Cleanliness, Lifestyle, CommuteTime, CommuteDays, Bio, CommunityID, HousingID) values (80, 'Yetty Lippo', 'Sociology', 'New York City', 'Oyoyo', 'Not interested', 'Has Car', '$2000', '4 months', 'Organized', 'Night-Owl', 25, 1, 'Enjoys DIY projects and crafting handmade items', '6', 33);
insert into Student (StudentID, Name, Major, Location, Company, HousingStatus, CarpoolStatus, Budget, LeaseDuration, Cleanliness, Lifestyle, CommuteTime, CommuteDays, Bio, CommunityID, HousingID) values (81, 'Fredelia Pinck', 'Mathematics', 'San Francisco', 'Leexo', 'Looking for Housing', 'Has Car', '$1500', '4 months', 'Spotless', 'Introverted', 15, 6, 'Loves hiking and exploring new trails', '10', 30);
insert into Student (StudentID, Name, Major, Location, Company, HousingStatus, CarpoolStatus, Budget, LeaseDuration, Cleanliness, Lifestyle, CommuteTime, CommuteDays, Bio, CommunityID, HousingID) values (82, 'Darius Bessent', 'Psychology', 'Boston', 'Devpoint', 'Not interested', 'Not interested', '$1300', '6 months', 'Cluttered', 'Active', 45, 4, 'Passionate about volunteering and giving back to the community', '3', 31);
insert into Student (StudentID, Name, Major, Location, Company, HousingStatus, CarpoolStatus, Budget, LeaseDuration, Cleanliness, Lifestyle, CommuteTime, CommuteDays, Bio, CommunityID, HousingID) values (83, 'Micheal Goodluck', 'Chemistry', 'Boston', 'Jayo', 'Offering Housing', 'Not interested', '$800', '4 months', 'Minimal', 'Extroverted', 25, 6, 'Passionate about environmental conservation and sustainability', '9', 44);
insert into Student (StudentID, Name, Major, Location, Company, HousingStatus, CarpoolStatus, Budget, LeaseDuration, Cleanliness, Lifestyle, CommuteTime, CommuteDays, Bio, CommunityID, HousingID) values (84, 'Jordan Marcq', 'Chemistry', 'Seattle', 'Tavu', 'Looking for Housing', 'Offering Carpool', '$400', '4 months', 'Cluttered', 'Introverted', 10, 5, 'Fascinated by astronomy and stargazing', '5', 37);
insert into Student (StudentID, Name, Major, Location, Company, HousingStatus, CarpoolStatus, Budget, LeaseDuration, Cleanliness, Lifestyle, CommuteTime, CommuteDays, Bio, CommunityID, HousingID) values (85, 'Sibeal Stockhill', 'Computer Science', 'Boston', 'Mydo', 'Not interested', 'Not interested', '$800', '6 months', 'Neat', 'Quiet', 10, 1, 'Passionate about cooking and trying new recipes', '3', 41);
insert into Student (StudentID, Name, Major, Location, Company, HousingStatus, CarpoolStatus, Budget, LeaseDuration, Cleanliness, Lifestyle, CommuteTime, CommuteDays, Bio, CommunityID, HousingID) values (86, 'Will Guerry', 'Data Science', 'Seattle', 'Quimm', 'Offering Housing', 'Offering Carpool', '$1700', '4 months', 'Organized', 'Introverted', 20, 6, 'Loves animals and volunteering at animal shelters', '3', 23);
insert into Student (StudentID, Name, Major, Location, Company, HousingStatus, CarpoolStatus, Budget, LeaseDuration, Cleanliness, Lifestyle, CommuteTime, CommuteDays, Bio, CommunityID, HousingID) values (87, 'Abbe Macari', 'Data Science', 'Boston', 'Fivespan', 'Has Housing', 'Has Car', '$900', '6 months', 'Organized', 'Studious', 35, 2, 'Fascinated by astronomy and stargazing', '', 35);
insert into Student (StudentID, Name, Major, Location, Company, HousingStatus, CarpoolStatus, Budget, LeaseDuration, Cleanliness, Lifestyle, CommuteTime, CommuteDays, Bio, CommunityID, HousingID) values (88, 'Hayward Kirvell', 'Data Science', 'New York City', 'Twitterlist', 'Not interested', 'Looking for Carpool', '$600', '4 months', 'Cluttered', 'Night-Owl', 35, 5, 'Loves hiking and exploring new trails', '6', 9);
insert into Student (StudentID, Name, Major, Location, Company, HousingStatus, CarpoolStatus, Budget, LeaseDuration, Cleanliness, Lifestyle, CommuteTime, CommuteDays, Bio, CommunityID, HousingID) values (89, 'Hamnet Rosenkrantz', 'Psychology', 'Boston', 'Roombo', 'Not interested', 'Looking for Carpool', '$1100', '4 months', 'Organized', 'Extroverted', 40, 4, 'Enjoys watching sports and playing recreational games', '2', 17);
insert into Student (StudentID, Name, Major, Location, Company, HousingStatus, CarpoolStatus, Budget, LeaseDuration, Cleanliness, Lifestyle, CommuteTime, CommuteDays, Bio, CommunityID, HousingID) values (90, 'Caria Trimming', 'Finance', 'New York City', 'Quamba', 'Offering Housing', 'Not interested', '$1000', '1 year', 'Messy', 'Night-Owl', 50, 1, 'Loves watching documentaries and learning about different topics', '4', 14);
insert into Student (StudentID, Name, Major, Location, Company, HousingStatus, CarpoolStatus, Budget, LeaseDuration, Cleanliness, Lifestyle, CommuteTime, CommuteDays, Bio, CommunityID, HousingID) values (91, 'Eberto Lindbergh', 'Chemistry', 'Chicago', 'Thoughtbridge', 'Has Housing', 'Carpool Established', '$1500', '1 year', 'Cluttered', 'Independent', 55, 2, 'Loves watching documentaries and learning about different topics', '4', 1);
insert into Student (StudentID, Name, Major, Location, Company, HousingStatus, CarpoolStatus, Budget, LeaseDuration, Cleanliness, Lifestyle, CommuteTime, CommuteDays, Bio, CommunityID, HousingID) values (92, 'Romeo Sheahan', 'Psychology', 'San Jose', 'Edgetag', 'Offering Housing', 'Not interested', '$1600', '1 year', 'Cluttered', 'Night-Owl', 20, 1, 'Enjoys DIY projects and crafting handmade items', '6', 24);
insert into Student (StudentID, Name, Major, Location, Company, HousingStatus, CarpoolStatus, Budget, LeaseDuration, Cleanliness, Lifestyle, CommuteTime, CommuteDays, Bio, CommunityID, HousingID) values (93, 'Alli O''Downe', 'Finance', 'Seattle', 'Yombu', 'Looking for Roommates', 'Not interested', '$1700', '1 year', 'Minimal', 'Introverted', 20, 7, 'Passionate about environmental conservation and sustainability', '9', 6);
insert into Student (StudentID, Name, Major, Location, Company, HousingStatus, CarpoolStatus, Budget, LeaseDuration, Cleanliness, Lifestyle, CommuteTime, CommuteDays, Bio, CommunityID, HousingID) values (94, 'Olag Hembling', 'Biology', 'Seattle', 'Riffpath', 'Looking for Roommates', 'Looking for Carpool', '$1500', '6 months', 'Organized', 'Introverted', 55, 7, 'Loves playing musical instruments and composing music', '4', 11);
insert into Student (StudentID, Name, Major, Location, Company, HousingStatus, CarpoolStatus, Budget, LeaseDuration, Cleanliness, Lifestyle, CommuteTime, CommuteDays, Bio, CommunityID, HousingID) values (95, 'Waite Frediani', 'Sociology', 'New York City', 'Devshare', 'Offering Housing', 'Has Car', '$300', '1 year', 'Spotless', 'Extroverted', 40, 7, 'Passionate about volunteering and giving back to the community', '6', 16);
insert into Student (StudentID, Name, Major, Location, Company, HousingStatus, CarpoolStatus, Budget, LeaseDuration, Cleanliness, Lifestyle, CommuteTime, CommuteDays, Bio, CommunityID, HousingID) values (96, 'Cynde Simeoli', 'Data Science', 'San Francisco', 'Youspan', 'Has Housing', 'Looking for Carpool', '$2000', '1 year', 'Messy', 'Active', 10, 2, 'Enjoys yoga and meditation for relaxation', '1', 43);
insert into Student (StudentID, Name, Major, Location, Company, HousingStatus, CarpoolStatus, Budget, LeaseDuration, Cleanliness, Lifestyle, CommuteTime, CommuteDays, Bio, CommunityID, HousingID) values (97, 'Gonzalo Yeowell', 'Sociology', 'Seattle', 'Zoomlounge', 'Offering Housing', 'Looking for Carpool', '$2000', '4 months', 'Minimal', 'Quiet', 10, 6, 'Enjoys watching sports and playing recreational games', '1', 15);
insert into Student (StudentID, Name, Major, Location, Company, HousingStatus, CarpoolStatus, Budget, LeaseDuration, Cleanliness, Lifestyle, CommuteTime, CommuteDays, Bio, CommunityID, HousingID) values (98, 'Darlene Baillie', 'Art', 'San Jose', 'Meembee', 'Not interested', 'Looking for Carpool', '$600', '4 months', 'Spotless', 'Extroverted', 35, 1, 'Passionate about fitness and leading a healthy lifestyle', '2', 25);
insert into Student (StudentID, Name, Major, Location, Company, HousingStatus, CarpoolStatus, Budget, LeaseDuration, Cleanliness, Lifestyle, CommuteTime, CommuteDays, Bio, CommunityID, HousingID) values (99, 'Emmalyn Kneaphsey', 'Art', 'Boston', 'Jayo', 'Offering Housing', 'Looking for Carpool', '$1500', '4 months', 'Organized', 'Night-Owl', 35, 6, 'Enjoys reading mystery novels and solving puzzles', '2', 29);
insert into Student (StudentID, Name, Major, Location, Company, HousingStatus, CarpoolStatus, Budget, LeaseDuration, Cleanliness, Lifestyle, CommuteTime, CommuteDays, Bio, CommunityID, HousingID) values (100, 'Farlay Mathivon', 'Sociology', 'San Jose', 'Eare', 'Not interested', 'Not interested', '$400', '4 months', 'Cluttered', 'Active', 40, 2, 'Loves playing musical instruments and composing music', '4', 1);

-- Chat
insert into Chat (ChatID, StudentID, Content, Time, SupportStaffID) values (1, 3, 'Network connectivity issues', '2024-04-10 00:27:14', 5);
insert into Chat (ChatID, StudentID, Content, Time, SupportStaffID) values (2, 20, 'Issue with login credentials', '2024-02-28 09:42:13', 12);
insert into Chat (ChatID, StudentID, Content, Time, SupportStaffID) values (3, 63, 'Lost files', '2024-01-30 12:56:56', 18);
insert into Chat (ChatID, StudentID, Content, Time, SupportStaffID) values (4, 41, 'Device not turning on', '2024-03-26 07:02:15', 3);
insert into Chat (ChatID, StudentID, Content, Time, SupportStaffID) values (5, 54, 'Email not sending', '2024-11-15 05:29:27', 27);
insert into Chat (ChatID, StudentID, Content, Time, SupportStaffID) values (6, 35, 'Billing inquiry', '2024-02-22 05:26:47', 9);
insert into Chat (ChatID, StudentID, Content, Time, SupportStaffID) values (7, 47, 'Slow internet connection', '2024-03-25 04:55:29', 14);
insert into Chat (ChatID, StudentID, Content, Time, SupportStaffID) values (8, 74, 'Network connectivity issues', '2024-03-17 21:17:57', 22);
insert into Chat (ChatID, StudentID, Content, Time, SupportStaffID) values (9, 56, 'Data backup request', '2024-06-07 10:54:55', 1);
insert into Chat (ChatID, StudentID, Content, Time, SupportStaffID) values (10, 27, 'Printer not working', '2024-07-17 08:32:42', 30);
insert into Chat (ChatID, StudentID, Content, Time, SupportStaffID) values (11, 84, 'Forgot password', '2024-08-29 17:46:54', 8);
insert into Chat (ChatID, StudentID, Content, Time, SupportStaffID) values (12, 17, 'Network connectivity issues', '2024-07-19 09:36:34', 20);
insert into Chat (ChatID, StudentID, Content, Time, SupportStaffID) values (13, 47, 'Need help setting up new device', '2024-05-23 10:49:46', 11);
insert into Chat (ChatID, StudentID, Content, Time, SupportStaffID) values (14, 11, 'Billing inquiry', '2024-01-12 23:01:17', 25);
insert into Chat (ChatID, StudentID, Content, Time, SupportStaffID) values (15, 18, 'Virus detected on device', '2024-03-05 20:24:13', 7);
insert into Chat (ChatID, StudentID, Content, Time, SupportStaffID) values (16, 22, 'Trouble accessing website', '2024-03-21 09:53:30', 15);
insert into Chat (ChatID, StudentID, Content, Time, SupportStaffID) values (17, 40, 'Forgot password', '2024-03-09 02:31:51', 29);
insert into Chat (ChatID, StudentID, Content, Time, SupportStaffID) values (18, 14, 'Need help setting up new device', '2024-03-14 01:05:34', 4);
insert into Chat (ChatID, StudentID, Content, Time, SupportStaffID) values (19, 79, 'Forgot password', '2024-02-17 07:49:46', 19);
insert into Chat (ChatID, StudentID, Content, Time, SupportStaffID) values (20, 50, 'Account locked', '2024-04-01 03:43:25', 10);
insert into Chat (ChatID, StudentID, Content, Time, SupportStaffID) values (21, 80, 'Trouble accessing website', '2024-08-31 22:17:10', 26);
insert into Chat (ChatID, StudentID, Content, Time, SupportStaffID) values (22, 13, 'Network connectivity issues', '2024-05-26 03:23:54', 6);
insert into Chat (ChatID, StudentID, Content, Time, SupportStaffID) values (23, 84, 'Forgot password', '2024-11-04 20:27:45', 13);
insert into Chat (ChatID, StudentID, Content, Time, SupportStaffID) values (24, 38, 'Device not turning on', '2024-11-14 09:07:15', 21);
insert into Chat (ChatID, StudentID, Content, Time, SupportStaffID) values (25, 45, 'Email not sending', '2024-11-17 08:59:33', 2);
insert into Chat (ChatID, StudentID, Content, Time, SupportStaffID) values (26, 47, 'Network connectivity issues', '2023-12-31 15:40:05', 28);
insert into Chat (ChatID, StudentID, Content, Time, SupportStaffID) values (27, 31, 'Issue with login credentials', '2024-09-12 22:29:38', 17);
insert into Chat (ChatID, StudentID, Content, Time, SupportStaffID) values (28, 81, 'Need help setting up new device', '2024-03-22 15:32:19', 24);
insert into Chat (ChatID, StudentID, Content, Time, SupportStaffID) values (29, 46, 'Network connectivity issues', '2024-06-19 19:16:20', 16);
insert into Chat (ChatID, StudentID, Content, Time, SupportStaffID) values (30, 39, 'Lost files', '2024-10-21 21:48:55', 23);
insert into Chat (ChatID, StudentID, Content, Time, SupportStaffID) values (31, 22, 'Software update needed', '2024-10-18 13:41:46', 5);
insert into Chat (ChatID, StudentID, Content, Time, SupportStaffID) values (32, 80, 'Data backup request', '2024-07-03 07:46:01', 12);
insert into Chat (ChatID, StudentID, Content, Time, SupportStaffID) values (33, 35, 'Email not syncing', '2024-10-31 12:28:35', 18);
insert into Chat (ChatID, StudentID, Content, Time, SupportStaffID) values (34, 45, 'Error message on screen', '2024-03-21 23:01:22', 3);
insert into Chat (ChatID, StudentID, Content, Time, SupportStaffID) values (35, 63, 'Printer not working', '2024-03-31 09:18:41', 27);
insert into Chat (ChatID, StudentID, Content, Time, SupportStaffID) values (36, 35, 'Data backup request', '2024-01-01 14:19:33', 9);
insert into Chat (ChatID, StudentID, Content, Time, SupportStaffID) values (37, 94, 'Data backup request', '2024-01-22 02:11:10', 14);
insert into Chat (ChatID, StudentID, Content, Time, SupportStaffID) values (38, 36, 'Virus detected on device', '2024-04-21 20:32:07', 22);
insert into Chat (ChatID, StudentID, Content, Time, SupportStaffID) values (39, 37, 'Need help setting up new device', '2023-12-14 19:54:52', 1);
insert into Chat (ChatID, StudentID, Content, Time, SupportStaffID) values (40, 65, 'Need help with troubleshooting', '2024-05-23 17:51:25', 30);
insert into Chat (ChatID, StudentID, Content, Time, SupportStaffID) values (41, 92, 'Account locked', '2024-11-23 02:47:21', 8);
insert into Chat (ChatID, StudentID, Content, Time, SupportStaffID) values (42, 80, 'Issue with login credentials', '2024-10-22 06:51:05', 20);
insert into Chat (ChatID, StudentID, Content, Time, SupportStaffID) values (43, 85, 'Need help setting up new device', '2024-07-11 14:32:57', 11);
insert into Chat (ChatID, StudentID, Content, Time, SupportStaffID) values (44, 22, 'Email not sending', '2024-11-02 23:03:10', 25);
insert into Chat (ChatID, StudentID, Content, Time, SupportStaffID) values (45, 49, 'Device not turning on', '2024-11-11 06:37:15', 7);
insert into Chat (ChatID, StudentID, Content, Time, SupportStaffID) values (46, 15, 'Error message on screen', '2024-04-01 19:44:01', 15);
insert into Chat (ChatID, StudentID, Content, Time, SupportStaffID) values (47, 70, 'Account locked', '2023-12-05 15:00:08', 29);
insert into Chat (ChatID, StudentID, Content, Time, SupportStaffID) values (48, 87, 'Software update needed', '2024-08-22 03:59:14', 4);
insert into Chat (ChatID, StudentID, Content, Time, SupportStaffID) values (49, 82, 'Device not turning on', '2024-03-26 07:03:27', 19);
insert into Chat (ChatID, StudentID, Content, Time, SupportStaffID) values (50, 2, 'Virus detected on device', '2024-03-01 14:51:56', 10);

-- Events
insert into Events (EventID, CommunityID, Date, Name, Description) values (1, 10, '4/21/2024', 'Tech Talk Thursdays', 'Meet and greet with industry professionals');
insert into Events (EventID, CommunityID, Date, Name, Description) values (2, 1, '6/1/2024', 'Networking Mixer Mondays', 'Interactive workshops on networking skills');
insert into Events (EventID, CommunityID, Date, Name, Description) values (3, 4, '9/25/2024', 'Career Development Workshop', 'Panel discussion on career opportunities in tech');
insert into Events (EventID, CommunityID, Date, Name, Description) values (4, 5, '5/21/2024', 'Industry Panel Discussions', 'Speed networking session with recruiters');
insert into Events (EventID, CommunityID, Date, Name, Description) values (5, 6, '2/24/2024', 'Resume Building Bootcamp', 'Virtual networking happy hour');
insert into Events (EventID, CommunityID, Date, Name, Description) values (6, 1, '2/25/2024', 'LinkedIn Profile Optimization', 'Mock interview practice with HR professionals');
insert into Events (EventID, CommunityID, Date, Name, Description) values (7, 9, '6/7/2024', 'Mock Interview Practice', 'Resume review session with career coaches');
insert into Events (EventID, CommunityID, Date, Name, Description) values (8, 2, '1/11/2024', 'Job Search Strategies', 'Networking bingo game with prizes');
insert into Events (EventID, CommunityID, Date, Name, Description) values (9, 6, '8/12/2024', 'Personal Branding Workshop', 'LinkedIn profile optimization workshop');
insert into Events (EventID, CommunityID, Date, Name, Description) values (10, 2, '2/19/2024', 'Internship Opportunities Panel', 'Networking scavenger hunt');
insert into Events (EventID, CommunityID, Date, Name, Description) values (11, 2, '12/24/2023', 'Alumni Networking Happy Hour', 'Group networking activities and icebreakers');
insert into Events (EventID, CommunityID, Date, Name, Description) values (12, 6, '5/26/2024', 'Diversity in Tech Panel', 'Networking lunch with keynote speaker');
insert into Events (EventID, CommunityID, Date, Name, Description) values (13, 3, '10/24/2024', 'Entrepreneurship Panel Series', 'Networking mixer with live music');
insert into Events (EventID, CommunityID, Date, Name, Description) values (14, 5, '4/15/2024', 'Women in STEM Networking Event', 'Networking roundtable discussions');
insert into Events (EventID, CommunityID, Date, Name, Description) values (15, 4, '2/17/2024', 'Professional Headshot Day', 'Professional headshot photo booth');
insert into Events (EventID, CommunityID, Date, Name, Description) values (16, 3, '7/3/2024', 'Coding Challenge Competition', 'Networking coffee chat with mentors');
insert into Events (EventID, CommunityID, Date, Name, Description) values (17, 9, '7/2/2024', 'Start-Up Pitch Night', 'Networking book club discussion');
insert into Events (EventID, CommunityID, Date, Name, Description) values (18, 9, '7/30/2024', 'Career Fair Prep Workshop', 'Networking yoga session');
insert into Events (EventID, CommunityID, Date, Name, Description) values (19, 1, '4/10/2024', 'Graduate School Info Session', 'Networking cooking class');
insert into Events (EventID, CommunityID, Date, Name, Description) values (20, 8, '1/9/2024', 'Industry Trends Roundtable', 'Networking hike and picnic');
insert into Events (EventID, CommunityID, Date, Name, Description) values (21, 7, '9/27/2024', 'Tech Talk Thursdays', 'Meet and greet with industry professionals');
insert into Events (EventID, CommunityID, Date, Name, Description) values (22, 2, '4/27/2024', 'Networking Mixer Mondays', 'Interactive workshops on networking skills');
insert into Events (EventID, CommunityID, Date, Name, Description) values (23, 10, '7/12/2024', 'Career Development Workshop', 'Panel discussion on career opportunities in tech');
insert into Events (EventID, CommunityID, Date, Name, Description) values (24, 3, '9/1/2024', 'Industry Panel Discussions', 'Speed networking session with recruiters');
insert into Events (EventID, CommunityID, Date, Name, Description) values (25, 1, '9/23/2024', 'Resume Building Bootcamp', 'Virtual networking happy hour');
insert into Events (EventID, CommunityID, Date, Name, Description) values (26, 9, '9/21/2024', 'LinkedIn Profile Optimization', 'Mock interview practice with HR professionals');
insert into Events (EventID, CommunityID, Date, Name, Description) values (27, 3, '1/24/2024', 'Mock Interview Practice', 'Resume review session with career coaches');
insert into Events (EventID, CommunityID, Date, Name, Description) values (28, 6, '1/17/2024', 'Job Search Strategies', 'Networking bingo game with prizes');
insert into Events (EventID, CommunityID, Date, Name, Description) values (29, 6, '1/12/2024', 'Personal Branding Workshop', 'LinkedIn profile optimization workshop');
insert into Events (EventID, CommunityID, Date, Name, Description) values (30, 3, '10/24/2024', 'Internship Opportunities Panel', 'Networking scavenger hunt');
insert into Events (EventID, CommunityID, Date, Name, Description) values (31, 3, '8/10/2024', 'Alumni Networking Happy Hour', 'Group networking activities and icebreakers');
insert into Events (EventID, CommunityID, Date, Name, Description) values (32, 7, '7/14/2024', 'Diversity in Tech Panel', 'Networking lunch with keynote speaker');
insert into Events (EventID, CommunityID, Date, Name, Description) values (33, 3, '12/13/2023', 'Entrepreneurship Panel Series', 'Networking mixer with live music');
insert into Events (EventID, CommunityID, Date, Name, Description) values (34, 2, '10/8/2024', 'Women in STEM Networking Event', 'Networking roundtable discussions');
insert into Events (EventID, CommunityID, Date, Name, Description) values (35, 10, '1/13/2024', 'Professional Headshot Day', 'Professional headshot photo booth');
insert into Events (EventID, CommunityID, Date, Name, Description) values (36, 2, '1/9/2024', 'Coding Challenge Competition', 'Networking coffee chat with mentors');
insert into Events (EventID, CommunityID, Date, Name, Description) values (37, 4, '3/12/2024', 'Start-Up Pitch Night', 'Networking book club discussion');
insert into Events (EventID, CommunityID, Date, Name, Description) values (38, 4, '10/12/2024', 'Career Fair Prep Workshop', 'Networking yoga session');
insert into Events (EventID, CommunityID, Date, Name, Description) values (39, 6, '2/8/2024', 'Graduate School Info Session', 'Networking cooking class');
insert into Events (EventID, CommunityID, Date, Name, Description) values (40, 2, '9/26/2024', 'Industry Trends Roundtable', 'Networking hike and picnic');
insert into Events (EventID, CommunityID, Date, Name, Description) values (41, 7, '1/14/2024', 'Tech Talk Thursdays', 'Meet and greet with industry professionals');
insert into Events (EventID, CommunityID, Date, Name, Description) values (42, 10, '8/12/2024', 'Networking Mixer Mondays', 'Interactive workshops on networking skills');
insert into Events (EventID, CommunityID, Date, Name, Description) values (43, 6, '9/18/2024', 'Career Development Workshop', 'Panel discussion on career opportunities in tech');
insert into Events (EventID, CommunityID, Date, Name, Description) values (44, 1, '8/13/2024', 'Industry Panel Discussions', 'Speed networking session with recruiters');
insert into Events (EventID, CommunityID, Date, Name, Description) values (45, 8, '8/7/2024', 'Resume Building Bootcamp', 'Virtual networking happy hour');
insert into Events (EventID, CommunityID, Date, Name, Description) values (46, 8, '9/6/2024', 'LinkedIn Profile Optimization', 'Mock interview practice with HR professionals');
insert into Events (EventID, CommunityID, Date, Name, Description) values (47, 9, '10/5/2024', 'Mock Interview Practice', 'Resume review session with career coaches');
insert into Events (EventID, CommunityID, Date, Name, Description) values (48, 8, '12/20/2023', 'Job Search Strategies', 'Networking bingo game with prizes');
insert into Events (EventID, CommunityID, Date, Name, Description) values (49, 7, '11/24/2024', 'Personal Branding Workshop', 'LinkedIn profile optimization workshop');
insert into Events (EventID, CommunityID, Date, Name, Description) values (50, 6, '2/23/2024', 'Internship Opportunities Panel', 'Networking scavenger hunt');

-- Feedback
insert into Feedback (FeedbackID, Description, Date, ProgressRating, StudentID, AdvisorID) values (1, 'Still looking for housing', '2024-08-01', '1', 18, 3);
insert into Feedback (FeedbackID, Description, Date, ProgressRating, StudentID, AdvisorID) values (2, 'Thank you for this recommendation!', '2024-05-02', '2', 83, 7);
insert into Feedback (FeedbackID, Description, Date, ProgressRating, StudentID, AdvisorID) values (3, 'Thank you for your help', '2024-08-20', '', 35, 1);
insert into Feedback (FeedbackID, Description, Date, ProgressRating, StudentID, AdvisorID) values (4, 'Still searching for roommates', '2024-01-02', '3', 80, 9);
insert into Feedback (FeedbackID, Description, Date, ProgressRating, StudentID, AdvisorID) values (5, 'Still searching for roommates', '2024-06-20', '4', 6, 5);
insert into Feedback (FeedbackID, Description, Date, ProgressRating, StudentID, AdvisorID) values (6, 'Thank you for your help', '2024-07-16', '5', 23, 2);
insert into Feedback (FeedbackID, Description, Date, ProgressRating, StudentID, AdvisorID) values (7, 'Housing is in a good area', '2024-01-31', '1', 2, 8);
insert into Feedback (FeedbackID, Description, Date, ProgressRating, StudentID, AdvisorID) values (8, 'Still looking for housing', '2024-05-10', '2', 73, 6);
insert into Feedback (FeedbackID, Description, Date, ProgressRating, StudentID, AdvisorID) values (9, 'Thank you for this recommendation!', '2024-05-23', '', 90, 4);
insert into Feedback (FeedbackID, Description, Date, ProgressRating, StudentID, AdvisorID) values (10, 'still searching for carpool', '2024-04-27', '3', 93, 10);
insert into Feedback (FeedbackID, Description, Date, ProgressRating, StudentID, AdvisorID) values (11, 'Still searching for roommates', '2024-04-02', '4', 60, 3);
insert into Feedback (FeedbackID, Description, Date, ProgressRating, StudentID, AdvisorID) values (12, 'Enjoying my co-op experience', '2024-08-07', '5', 17, 7);
insert into Feedback (FeedbackID, Description, Date, ProgressRating, StudentID, AdvisorID) values (13, 'Enjoying my co-op experience', '2024-08-05', '1', 81, 1);
insert into Feedback (FeedbackID, Description, Date, ProgressRating, StudentID, AdvisorID) values (14, 'still searching for carpool', '2024-11-14', '2', 15, 9);
insert into Feedback (FeedbackID, Description, Date, ProgressRating, StudentID, AdvisorID) values (15, 'Still looking for housing', '2024-07-17', '', 98, 5);
insert into Feedback (FeedbackID, Description, Date, ProgressRating, StudentID, AdvisorID) values (16, 'Still looking for housing', '2024-08-22', '3', 39, 2);
insert into Feedback (FeedbackID, Description, Date, ProgressRating, StudentID, AdvisorID) values (17, 'I appreciate your assistance!', '2024-01-09', '4', 95, 8);
insert into Feedback (FeedbackID, Description, Date, ProgressRating, StudentID, AdvisorID) values (18, 'Housing is in a good area', '2024-11-09', '5', 30, 6);
insert into Feedback (FeedbackID, Description, Date, ProgressRating, StudentID, AdvisorID) values (19, 'Still searching for roommates', '2024-06-19', '1', 84, 4);
insert into Feedback (FeedbackID, Description, Date, ProgressRating, StudentID, AdvisorID) values (20, 'Still looking for housing', '2023-12-09', '2', 15, 10);
insert into Feedback (FeedbackID, Description, Date, ProgressRating, StudentID, AdvisorID) values (21, 'I appreciate your assistance!', '2024-01-27', '', 15, 3);
insert into Feedback (FeedbackID, Description, Date, ProgressRating, StudentID, AdvisorID) values (22, 'Thank you for this recommendation!', '2024-01-12', '3', 5, 7);
insert into Feedback (FeedbackID, Description, Date, ProgressRating, StudentID, AdvisorID) values (23, 'still searching for carpool', '2024-10-15', '4', 9, 1);
insert into Feedback (FeedbackID, Description, Date, ProgressRating, StudentID, AdvisorID) values (24, 'still searching for carpool', '2024-09-16', '5', 56, 9);
insert into Feedback (FeedbackID, Description, Date, ProgressRating, StudentID, AdvisorID) values (25, 'Housing is in a good area', '2024-09-17', '1', 70, 5);
insert into Feedback (FeedbackID, Description, Date, ProgressRating, StudentID, AdvisorID) values (26, 'I appreciate your assistance!', '2024-11-02', '2', 45, 2);
insert into Feedback (FeedbackID, Description, Date, ProgressRating, StudentID, AdvisorID) values (27, 'Currently enjoying this co-op', '2024-02-26', '', 60, 8);
insert into Feedback (FeedbackID, Description, Date, ProgressRating, StudentID, AdvisorID) values (28, 'Still searching for roommates', '2024-07-30', '3', 68, 6);
insert into Feedback (FeedbackID, Description, Date, ProgressRating, StudentID, AdvisorID) values (29, 'Currently enjoying this co-op', '2024-09-27', '4', 24, 4);
insert into Feedback (FeedbackID, Description, Date, ProgressRating, StudentID, AdvisorID) values (30, 'Still searching for roommates', '2024-11-09', '5', 36, 10);
insert into Feedback (FeedbackID, Description, Date, ProgressRating, StudentID, AdvisorID) values (31, 'I appreciate your assistance!', '2024-07-14', '1', 33, 3);
insert into Feedback (FeedbackID, Description, Date, ProgressRating, StudentID, AdvisorID) values (32, 'still searching for carpool', '2024-05-04', '2', 45, 7);
insert into Feedback (FeedbackID, Description, Date, ProgressRating, StudentID, AdvisorID) values (33, 'Enjoying my co-op experience', '2024-11-22', '', 62, 1);
insert into Feedback (FeedbackID, Description, Date, ProgressRating, StudentID, AdvisorID) values (34, 'Housing is in a good area', '2024-01-12', '3', 81, 9);
insert into Feedback (FeedbackID, Description, Date, ProgressRating, StudentID, AdvisorID) values (35, 'I appreciate your assistance!', '2024-09-07', '4', 3, 5);
insert into Feedback (FeedbackID, Description, Date, ProgressRating, StudentID, AdvisorID) values (36, 'Enjoying my co-op experience', '2024-10-06', '5', 52, 2);
insert into Feedback (FeedbackID, Description, Date, ProgressRating, StudentID, AdvisorID) values (37, 'Currently enjoying this co-op', '2024-06-01', '1', 20, 8);
insert into Feedback (FeedbackID, Description, Date, ProgressRating, StudentID, AdvisorID) values (38, 'still searching for carpool', '2024-07-11', '2', 93, 6);
insert into Feedback (FeedbackID, Description, Date, ProgressRating, StudentID, AdvisorID) values (39, 'Thank you for this recommendation!', '2024-05-04', '', 43, 4);
insert into Feedback (FeedbackID, Description, Date, ProgressRating, StudentID, AdvisorID) values (40, 'Still searching for roommates', '2024-04-16', '3', 70, 10);
insert into Feedback (FeedbackID, Description, Date, ProgressRating, StudentID, AdvisorID) values (41, 'still searching for carpool', '2024-06-28', '4', 7, 3);
insert into Feedback (FeedbackID, Description, Date, ProgressRating, StudentID, AdvisorID) values (42, 'I appreciate your assistance!', '2024-06-14', '5', 87, 7);
insert into Feedback (FeedbackID, Description, Date, ProgressRating, StudentID, AdvisorID) values (43, 'Enjoying my co-op experience', '2024-10-14', '1', 73, 1);
insert into Feedback (FeedbackID, Description, Date, ProgressRating, StudentID, AdvisorID) values (44, 'Currently enjoying this co-op', '2024-05-31', '2', 35, 9);
insert into Feedback (FeedbackID, Description, Date, ProgressRating, StudentID, AdvisorID) values (45, 'Still looking for housing', '2024-03-29', '', 3, 5);
insert into Feedback (FeedbackID, Description, Date, ProgressRating, StudentID, AdvisorID) values (46, 'Thank you for your help', '2024-01-07', '3', 2, 2);
insert into Feedback (FeedbackID, Description, Date, ProgressRating, StudentID, AdvisorID) values (47, 'Currently enjoying this co-op', '2023-12-28', '4', 86, 8);
insert into Feedback (FeedbackID, Description, Date, ProgressRating, StudentID, AdvisorID) values (48, 'Thank you for your help', '2024-11-16', '5', 54, 6);
insert into Feedback (FeedbackID, Description, Date, ProgressRating, StudentID, AdvisorID) values (49, 'Currently enjoying this co-op', '2024-05-19', '1', 32, 4);
insert into Feedback (FeedbackID, Description, Date, ProgressRating, StudentID, AdvisorID) values (50, 'I appreciate your assistance!', '2024-03-05', '2', 95, 10);

-- Advisor
insert into Advisor (AdvisorID, Name, Email, Department, StudentID) values (1, 'Georgine McCard', 'gmccard0@nps.gov', 'Khoury College', 8);
insert into Advisor (AdvisorID, Name, Email, Department, StudentID) values (2, 'Babbette Marle', 'bmarle1@bbc.co.uk', 'College of Engineering', 50);
insert into Advisor (AdvisorID, Name, Email, Department, StudentID) values (3, 'Lena Graver', 'lgraver2@creativecommons.org', 'D''Amore Mc-Kim', 99);
insert into Advisor (AdvisorID, Name, Email, Department, StudentID) values (4, 'Kevina Garden', 'kgarden3@sina.com.cn', 'College of Science', 38);
insert into Advisor (AdvisorID, Name, Email, Department, StudentID) values (5, 'Cathryn Tatershall', 'ctatershall4@free.fr', 'Bouve College', 14);
insert into Advisor (AdvisorID, Name, Email, Department, StudentID) values (6, 'Domingo Stanlick', 'dstanlick5@arstechnica.com', 'College of Science', 77);
insert into Advisor (AdvisorID, Name, Email, Department, StudentID) values (7, 'Joyous Ferby', 'jferby6@yahoo.com', 'Khoury College', 91);
insert into Advisor (AdvisorID, Name, Email, Department, StudentID) values (8, 'Thibaut Biles', 'tbiles7@4shared.com', 'College of Engineering', 17);
insert into Advisor (AdvisorID, Name, Email, Department, StudentID) values (9, 'Tana Roblou', 'troblou8@cargocollective.com', 'D''Amore Mc-Kim', 26);
insert into Advisor (AdvisorID, Name, Email, Department, StudentID) values (10, 'Sheridan Gunny', 'sgunny9@arizona.edu', 'College of Science', 65);

-- Task
insert into Task (Description, Reminder, AssignedTo, DueDate, Status, AdvisorID) values ('Khoury College', '2024-02-27', 22, '2024-08-03', 'In Progress', 6);
insert into Task (Description, Reminder, AssignedTo, DueDate, Status, AdvisorID) values ('College of Engineering', '2024-05-09', 89, '2024-03-09', 'In Progress', 10);
insert into Task (Description, Reminder, AssignedTo, DueDate, Status, AdvisorID) values ('D''Amore Mc-Kim', '2024-07-08', 37, '2024-05-01', 'Completed', 8);
insert into Task (Description, Reminder, AssignedTo, DueDate, Status, AdvisorID) values ('College of Science', '2024-11-26', 55, '2024-02-20', 'Completed', 1);
insert into Task (Description, Reminder, AssignedTo, DueDate, Status, AdvisorID) values ('Bouve College', '2024-06-02', 50, '2024-04-09', 'Received', 9);
insert into Task (Description, Reminder, AssignedTo, DueDate, Status, AdvisorID) values ('College of Science', '2024-05-03', 50, '2024-11-24', 'Completed', 4);
insert into Task (Description, Reminder, AssignedTo, DueDate, Status, AdvisorID) values ('Khoury College', '2024-09-07', 69, '2024-08-22', 'Completed', 6);
insert into Task (Description, Reminder, AssignedTo, DueDate, Status, AdvisorID) values ('College of Engineering', '2024-03-25', 84, '2024-06-23', 'In Progress', 6);
insert into Task (Description, Reminder, AssignedTo, DueDate, Status, AdvisorID) values ('D''Amore Mc-Kim', '2024-05-26', 86, '2024-08-25', 'Received', 10);
insert into Task (Description, Reminder, AssignedTo, DueDate, Status, AdvisorID) values ('College of Science', '2023-12-04', 65, '2024-11-30', 'Completed', 10);
insert into Task (Description, Reminder, AssignedTo, DueDate, Status, AdvisorID) values ('Bouve College', '2024-03-26', 26, '2024-04-04', 'Received', 2);
insert into Task (Description, Reminder, AssignedTo, DueDate, Status, AdvisorID) values ('College of Science', '2024-05-14', 12, '2024-10-24', 'In Progress', 1);
insert into Task (Description, Reminder, AssignedTo, DueDate, Status, AdvisorID) values ('Khoury College', '2024-03-05', 73, '2024-01-06', 'Completed', 7);
insert into Task (Description, Reminder, AssignedTo, DueDate, Status, AdvisorID) values ('College of Engineering', '2024-04-18', 82, '2024-08-28', 'Received', 2);
insert into Task (Description, Reminder, AssignedTo, DueDate, Status, AdvisorID) values ('D''Amore Mc-Kim', '2024-11-27', 53, '2024-08-26', 'Received', 1);
insert into Task (Description, Reminder, AssignedTo, DueDate, Status, AdvisorID) values ('College of Science', '2024-09-25', 96, '2024-11-30', 'Received', 1);
insert into Task (Description, Reminder, AssignedTo, DueDate, Status, AdvisorID) values ('Bouve College', '2024-07-05', 81, '2024-01-27', 'In Progress', 7);
insert into Task (Description, Reminder, AssignedTo, DueDate, Status, AdvisorID) values ('College of Science', '2024-09-16', 50, '2023-12-15', 'In Progress', 5);
insert into Task (Description, Reminder, AssignedTo, DueDate, Status, AdvisorID) values ('Khoury College', '2024-10-18', 80, '2024-04-15', 'Received', 6);
insert into Task (Description, Reminder, AssignedTo, DueDate, Status, AdvisorID) values ('College of Engineering', '2024-09-21', 69, '2024-04-27', 'Completed', 3);
insert into Task (Description, Reminder, AssignedTo, DueDate, Status, AdvisorID) values ('D''Amore Mc-Kim', '2024-02-21', 26, '2024-07-21', 'Completed', 6);
insert into Task (Description, Reminder, AssignedTo, DueDate, Status, AdvisorID) values ('College of Science', '2024-10-24', 69, '2024-09-30', 'Received', 4);
insert into Task (Description, Reminder, AssignedTo, DueDate, Status, AdvisorID) values ('Bouve College', '2024-07-20', 15, '2024-02-28', 'Received', 6);
insert into Task (Description, Reminder, AssignedTo, DueDate, Status, AdvisorID) values ('College of Science', '2024-11-03', 44, '2024-04-28', 'Completed', 5);
insert into Task (Description, Reminder, AssignedTo, DueDate, Status, AdvisorID) values ('Khoury College', '2024-03-04', 32, '2024-02-14', 'Received', 1);
insert into Task (Description, Reminder, AssignedTo, DueDate, Status, AdvisorID) values ('College of Engineering', '2024-03-02', 44, '2024-06-16', 'In Progress', 6);
insert into Task (Description, Reminder, AssignedTo, DueDate, Status, AdvisorID) values ('D''Amore Mc-Kim', '2024-04-01', 2, '2024-02-22', 'Received', 6);
insert into Task (Description, Reminder, AssignedTo, DueDate, Status, AdvisorID) values ('College of Science', '2024-06-06', 14, '2023-12-14', 'In Progress', 7);
insert into Task (Description, Reminder, AssignedTo, DueDate, Status, AdvisorID) values ('Bouve College', '2023-12-19', 24, '2024-04-14', 'Received', 5);
insert into Task (Description, Reminder, AssignedTo, DueDate, Status, AdvisorID) values ('College of Science', '2024-01-28', 40, '2023-12-20', 'Completed', 2);
insert into Task (Description, Reminder, AssignedTo, DueDate, Status, AdvisorID) values ('Khoury College', '2024-07-16', 51, '2024-02-29', 'Received', 9);
insert into Task (Description, Reminder, AssignedTo, DueDate, Status, AdvisorID) values ('College of Engineering', '2024-10-16', 34, '2024-07-31', 'In Progress', 9);
insert into Task (Description, Reminder, AssignedTo, DueDate, Status, AdvisorID) values ('D''Amore Mc-Kim', '2024-05-27', 89, '2024-10-10', 'Received', 8);
insert into Task (Description, Reminder, AssignedTo, DueDate, Status, AdvisorID) values ('College of Science', '2024-09-26', 13, '2024-09-23', 'Received', 5);
insert into Task (Description, Reminder, AssignedTo, DueDate, Status, AdvisorID) values ('Bouve College', '2023-12-21', 47, '2024-11-20', 'Completed', 5);
insert into Task (Description, Reminder, AssignedTo, DueDate, Status, AdvisorID) values ('College of Science', '2024-06-05', 40, '2024-02-04', 'In Progress', 10);
insert into Task (Description, Reminder, AssignedTo, DueDate, Status, AdvisorID) values ('Khoury College', '2024-10-07', 35, '2024-03-11', 'Completed', 1);
insert into Task (Description, Reminder, AssignedTo, DueDate, Status, AdvisorID) values ('College of Engineering', '2024-04-08', 23, '2024-03-18', 'Completed', 1);
insert into Task (Description, Reminder, AssignedTo, DueDate, Status, AdvisorID) values ('D''Amore Mc-Kim', '2024-03-26', 36, '2024-05-10', 'Completed', 4);
insert into Task (Description, Reminder, AssignedTo, DueDate, Status, AdvisorID) values ('College of Science', '2024-07-14', 68, '2024-10-09', 'In Progress', 5);
insert into Task (Description, Reminder, AssignedTo, DueDate, Status, AdvisorID) values ('Bouve College', '2024-09-03', 94, '2024-06-20', 'In Progress', 7);
insert into Task (Description, Reminder, AssignedTo, DueDate, Status, AdvisorID) values ('College of Science', '2024-04-11', 23, '2024-02-11', 'In Progress', 9);
insert into Task (Description, Reminder, AssignedTo, DueDate, Status, AdvisorID) values ('Khoury College', '2023-12-10', 86, '2024-05-04', 'Received', 8);
insert into Task (Description, Reminder, AssignedTo, DueDate, Status, AdvisorID) values ('College of Engineering', '2024-11-08', 77, '2024-10-07', 'Completed', 4);
insert into Task (Description, Reminder, AssignedTo, DueDate, Status, AdvisorID) values ('D''Amore Mc-Kim', '2023-12-07', 11, '2024-02-15', 'In Progress', 1);
insert into Task (Description, Reminder, AssignedTo, DueDate, Status, AdvisorID) values ('College of Science', '2024-04-07', 73, '2024-04-16', 'In Progress', 3);
insert into Task (Description, Reminder, AssignedTo, DueDate, Status, AdvisorID) values ('Bouve College', '2024-08-28', 3, '2024-04-05', 'Received', 3);
insert into Task (Description, Reminder, AssignedTo, DueDate, Status, AdvisorID) values ('College of Science', '2024-07-28', 16, '2024-01-17', 'Completed', 3);
insert into Task (Description, Reminder, AssignedTo, DueDate, Status, AdvisorID) values ('Khoury College', '2024-02-21', 73, '2024-11-12', 'Completed', 1);
insert into Task (Description, Reminder, AssignedTo, DueDate, Status, AdvisorID) values ('College of Engineering', '2024-08-21', 40, '2024-09-04', 'Completed', 6);

-- SystemLog
insert into SystemLog (TicketID, Timestamp, Activity, MetricType, Privacy, Security) values ('Khoury College', '2024-03-27 09:10:45', 'User logged in', 'CPU Usage', 'Data Minimization Compliance', 'Intrusion Detection Alerts');
insert into SystemLog (TicketID, Timestamp, Activity, MetricType, Privacy, Security) values ('College of Engineering', '2024-08-18 13:56:45', 'User viewed dashboard', 'System Load', 'Data Retention Policy Compliance', 'Authentication Failures');
insert into SystemLog (TicketID, Timestamp, Activity, MetricType, Privacy, Security) values ('D''Amore Mc-Kim', '2024-04-02 21:27:13', 'User updated profile', 'System Uptime', 'Data Retention Policy Compliance', 'Encryption Key Rotation');
insert into SystemLog (TicketID, Timestamp, Activity, MetricType, Privacy, Security) values ('College of Science', '2024-09-07 19:30:18', 'User logged out', 'Incident Resolution Time', 'Data Sharing Permissions', 'Access Control Compliance');
insert into SystemLog (TicketID, Timestamp, Activity, MetricType, Privacy, Security) values ('Bouve College', '2024-05-23 17:18:14', 'User logged out', 'Error Rate', 'Data Anonymization Compliance', 'Access Control Compliance');
insert into SystemLog (TicketID, Timestamp, Activity, MetricType, Privacy, Security) values ('College of Science', '2023-12-06 17:34:34', 'User logged out', 'System Uptime', 'User Consent Management', 'Two-Factor Authentication (2FA) Usage');
insert into SystemLog (TicketID, Timestamp, Activity, MetricType, Privacy, Security) values ('Khoury College', '2024-05-02 19:55:05', 'User logged out', 'Network Latency', 'Sensitive Data Exposure', 'Two-Factor Authentication (2FA) Usage');
insert into SystemLog (TicketID, Timestamp, Activity, MetricType, Privacy, Security) values ('College of Engineering', '2024-10-19 13:04:17', 'User logged out', 'Patch Management', 'Data Collection Transparency', 'Firewall Activity');
insert into SystemLog (TicketID, Timestamp, Activity, MetricType, Privacy, Security) values ('D''Amore Mc-Kim', '2024-07-07 11:36:15', 'User logged in', 'Error Rate', 'Data Retention Policy Compliance', 'Unauthorized Access Attempts');
insert into SystemLog (TicketID, Timestamp, Activity, MetricType, Privacy, Security) values ('College of Science', '2024-04-22 10:57:34', 'User logged in', 'Error Rate', 'Data Access Audits', 'Unauthorized Access Attempts');
insert into SystemLog (TicketID, Timestamp, Activity, MetricType, Privacy, Security) values ('Bouve College', '2024-08-12 00:43:26', 'User made a purchase', 'System Load', 'Data Minimization Compliance', 'Phishing Attempts');
insert into SystemLog (TicketID, Timestamp, Activity, MetricType, Privacy, Security) values ('College of Science', '2024-05-27 19:41:32', 'User viewed dashboard', 'Error Rate', 'Sensitive Data Exposure', 'Authentication Failures');
insert into SystemLog (TicketID, Timestamp, Activity, MetricType, Privacy, Security) values ('Khoury College', '2024-09-18 01:52:11', 'User viewed dashboard', 'Service Downtime', 'Data Anonymization Compliance', 'Security Vulnerability Scans');
insert into SystemLog (TicketID, Timestamp, Activity, MetricType, Privacy, Security) values ('College of Engineering', '2024-03-20 22:24:55', 'User logged in', 'Backup Success Rate', 'Data Collection Transparency', 'Audit Log Entries');
insert into SystemLog (TicketID, Timestamp, Activity, MetricType, Privacy, Security) values ('D''Amore Mc-Kim', '2024-05-08 00:23:35', 'User logged in', 'Compliance Rate', 'User Data Access Requests', 'Unauthorized Access Attempts');
insert into SystemLog (TicketID, Timestamp, Activity, MetricType, Privacy, Security) values ('College of Science', '2023-12-15 15:12:20', 'User updated profile', 'Database Backup Frequency', 'Data Minimization Compliance', 'Phishing Attempts');
insert into SystemLog (TicketID, Timestamp, Activity, MetricType, Privacy, Security) values ('Bouve College', '2024-09-09 22:04:23', 'User searched for products', 'Data Throughput', 'Sensitive Data Exposure', 'Phishing Attempts');
insert into SystemLog (TicketID, Timestamp, Activity, MetricType, Privacy, Security) values ('College of Science', '2024-10-29 16:55:37', 'User searched for products', 'System Scalability', 'Data Retention Policy Compliance', 'Audit Log Entries');
insert into SystemLog (TicketID, Timestamp, Activity, MetricType, Privacy, Security) values ('Khoury College', '2024-08-24 17:11:28', 'User logged in', 'System Scalability', 'Data Anonymization Compliance', 'Audit Log Entries');
insert into SystemLog (TicketID, Timestamp, Activity, MetricType, Privacy, Security) values ('College of Engineering', '2024-05-30 22:40:11', 'User searched for products', 'Memory Usage', 'Sensitive Data Exposure', 'Phishing Attempts');
insert into SystemLog (TicketID, Timestamp, Activity, MetricType, Privacy, Security) values ('D''Amore Mc-Kim', '2024-10-08 14:54:43', 'User logged in', 'Database Query Time', 'Data Anonymization Compliance', 'Phishing Attempts');
insert into SystemLog (TicketID, Timestamp, Activity, MetricType, Privacy, Security) values ('College of Science', '2023-12-11 09:22:34', 'User added item to cart', 'User Login Attempts', 'Data Sharing Permissions', 'Unauthorized Access Attempts');
insert into SystemLog (TicketID, Timestamp, Activity, MetricType, Privacy, Security) values ('Bouve College', '2024-01-07 12:43:32', 'User requested password reset', 'Disk Space', 'User Data Access Requests', 'Security Patch Compliance');
insert into SystemLog (TicketID, Timestamp, Activity, MetricType, Privacy, Security) values ('College of Science', '2024-07-04 01:21:21', 'User added item to cart', 'Response Time', 'Data Sharing Permissions', 'Unauthorized Access Attempts');
insert into SystemLog (TicketID, Timestamp, Activity, MetricType, Privacy, Security) values ('Khoury College', '2024-01-31 02:41:53', 'User updated profile', 'Security Events', 'Privacy Policy Compliance', 'Password Strength Compliance');
insert into SystemLog (TicketID, Timestamp, Activity, MetricType, Privacy, Security) values ('College of Engineering', '2024-03-25 08:42:17', 'User logged out', 'Error Rate', 'Privacy Policy Compliance', 'Unauthorized Access Attempts');
insert into SystemLog (TicketID, Timestamp, Activity, MetricType, Privacy, Security) values ('D''Amore Mc-Kim', '2024-10-16 00:54:25', 'User added item to cart', 'User Login Attempts', 'Privacy Policy Compliance', 'Password Strength Compliance');
insert into SystemLog (TicketID, Timestamp, Activity, MetricType, Privacy, Security) values ('College of Science', '2024-02-14 15:58:24', 'User updated profile', 'Error Rate', 'Data Collection Transparency', 'Password Strength Compliance');
insert into SystemLog (TicketID, Timestamp, Activity, MetricType, Privacy, Security) values ('Bouve College', '2024-10-05 12:35:21', 'User made a purchase', 'User Login Attempts', 'Data Anonymization Compliance', 'Access Requests');
insert into SystemLog (TicketID, Timestamp, Activity, MetricType, Privacy, Security) values ('College of Science', '2024-01-15 10:46:13', 'User logged out', 'System Scalability', 'Data Collection Transparency', 'Security Breach Incidents');
insert into SystemLog (TicketID, Timestamp, Activity, MetricType, Privacy, Security) values ('Khoury College', '2024-03-08 04:42:51', 'User logged in', 'Patch Management', 'Data Access Audits', 'Access Requests');
insert into SystemLog (TicketID, Timestamp, Activity, MetricType, Privacy, Security) values ('College of Engineering', '2024-08-23 02:36:45', 'User made a purchase', 'User Login Attempts', 'Data Access Audits', 'Audit Log Entries');
insert into SystemLog (TicketID, Timestamp, Activity, MetricType, Privacy, Security) values ('D''Amore Mc-Kim', '2024-01-14 22:57:14', 'User made a purchase', 'System Uptime', 'Data Retention Policy Compliance', 'Security Patch Compliance');
insert into SystemLog (TicketID, Timestamp, Activity, MetricType, Privacy, Security) values ('College of Science', '2024-07-08 23:42:30', 'User logged out', 'Database Backup Frequency', 'Sensitive Data Exposure', 'Data Encryption Status');
insert into SystemLog (TicketID, Timestamp, Activity, MetricType, Privacy, Security) values ('Bouve College', '2024-08-03 00:09:08', 'User added item to cart', 'System Uptime', 'Privacy Policy Compliance', 'Phishing Attempts');
insert into SystemLog (TicketID, Timestamp, Activity, MetricType, Privacy, Security) values ('College of Science', '2024-04-08 14:22:41', 'User changed password', 'Response Time', 'Data Minimization Compliance', 'Data Encryption Status');
insert into SystemLog (TicketID, Timestamp, Activity, MetricType, Privacy, Security) values ('Khoury College', '2024-10-26 13:44:57', 'User made a purchase', 'Incident Resolution Time', 'User Data Access Requests', 'Data Encryption Status');
insert into SystemLog (TicketID, Timestamp, Activity, MetricType, Privacy, Security) values ('College of Engineering', '2024-01-31 01:47:53', 'User added item to cart', 'Compliance Rate', 'Sensitive Data Exposure', 'Encryption Key Rotation');
insert into SystemLog (TicketID, Timestamp, Activity, MetricType, Privacy, Security) values ('D''Amore Mc-Kim', '2024-04-10 15:29:05', 'User searched for products', 'Database Backup Frequency', 'Data Retention Policy Compliance', 'Access Control Compliance');
insert into SystemLog (TicketID, Timestamp, Activity, MetricType, Privacy, Security) values ('College of Science', '2024-06-16 23:55:27', 'User logged in', 'CPU Usage', 'Data Sharing Permissions', 'Phishing Attempts');
insert into SystemLog (TicketID, Timestamp, Activity, MetricType, Privacy, Security) values ('Bouve College', '2024-01-30 08:58:05', 'User logged out', 'Service Downtime', 'Data Access Audits', 'Encryption Key Rotation');
insert into SystemLog (TicketID, Timestamp, Activity, MetricType, Privacy, Security) values ('College of Science', '2024-06-09 19:10:09', 'User requested password reset', 'Memory Usage', 'Data Retention Policy Compliance', 'Phishing Attempts');
insert into SystemLog (TicketID, Timestamp, Activity, MetricType, Privacy, Security) values ('Khoury College', '2024-03-31 06:09:19', 'User logged out', 'Network Latency', 'Privacy Policy Compliance', 'Encryption Key Rotation');
insert into SystemLog (TicketID, Timestamp, Activity, MetricType, Privacy, Security) values ('College of Engineering', '2024-08-15 23:14:31', 'User searched for products', 'Compliance Rate', 'User Data Access Requests', 'Phishing Attempts');
insert into SystemLog (TicketID, Timestamp, Activity, MetricType, Privacy, Security) values ('D''Amore Mc-Kim', '2024-05-06 17:10:56', 'User added item to cart', 'Disk Space', 'Data Retention Policy Compliance', 'Password Strength Compliance');
insert into SystemLog (TicketID, Timestamp, Activity, MetricType, Privacy, Security) values ('College of Science', '2024-02-04 01:54:22', 'User made a purchase', 'Response Time', 'User Data Access Requests', 'Unauthorized Access Attempts');
insert into SystemLog (TicketID, Timestamp, Activity, MetricType, Privacy, Security) values ('Bouve College', '2024-11-28 21:06:43', 'User logged in', 'Security Events', 'Data Anonymization Compliance', 'Security Patch Compliance');
insert into SystemLog (TicketID, Timestamp, Activity, MetricType, Privacy, Security) values ('College of Science', '2024-06-15 13:53:17', 'User logged in', 'Database Backup Frequency', 'Data Retention Policy Compliance', 'Phishing Attempts');
insert into SystemLog (TicketID, Timestamp, Activity, MetricType, Privacy, Security) values ('Khoury College', '2024-03-19 04:19:05', 'User added item to cart', 'System Load', 'Privacy Policy Compliance', 'Data Encryption Status');
insert into SystemLog (TicketID, Timestamp, Activity, MetricType, Privacy, Security) values ('College of Engineering', '2024-01-28 09:04:12', 'User changed password', 'Active Connections', 'Sensitive Data Exposure', 'Firewall Activity');

-- SystemHealth
insert into SystemHealth (LogID, Timestamp, Status, MetricType) values (12, '2023-12-08 03:13:57', 'Normal', 'Security Events');
insert into SystemHealth (LogID, Timestamp, Status, MetricType) values (34, '2023-12-02 23:34:00', 'Active', 'Network Latency');
insert into SystemHealth (LogID, Timestamp, Status, MetricType) values (7, '2024-06-20 11:47:06', 'Operational', 'Service Downtime');
insert into SystemHealth (LogID, Timestamp, Status, MetricType) values (23, '2024-02-26 08:05:29', 'Recovered', 'Data Throughput');
insert into SystemHealth (LogID, Timestamp, Status, MetricType) values (45, '2024-06-29 11:52:55', 'Operational', 'Backup Success Rate');
insert into SystemHealth (LogID, Timestamp, Status, MetricType) values (18, '2024-05-21 12:15:08', 'Operational', 'Incident Resolution Time');
insert into SystemHealth (LogID, Timestamp, Status, MetricType) values (31, '2023-12-20 16:19:30', 'Recovered', 'Service Downtime');
insert into SystemHealth (LogID, Timestamp, Status, MetricType) values (9, '2023-12-25 09:35:03', 'Normal', 'Database Backup Frequency');
insert into SystemHealth (LogID, Timestamp, Status, MetricType) values (27, '2024-01-11 21:42:14', 'Complete', 'System Uptime');
insert into SystemHealth (LogID, Timestamp, Status, MetricType) values (50, '2024-06-08 16:58:41', 'Recovered', 'Service Downtime');
insert into SystemHealth (LogID, Timestamp, Status, MetricType) values (14, '2024-10-25 20:48:26', 'Complete', 'Disk Space');
insert into SystemHealth (LogID, Timestamp, Status, MetricType) values (39, '2024-05-14 09:39:44', 'Recovered', 'System Uptime');
insert into SystemHealth (LogID, Timestamp, Status, MetricType) values (5, '2024-06-24 02:45:26', 'Active', 'User Login Attempts');
insert into SystemHealth (LogID, Timestamp, Status, MetricType) values (20, '2024-07-24 13:11:47', 'Normal', 'System Scalability');
insert into SystemHealth (LogID, Timestamp, Status, MetricType) values (42, '2024-07-17 13:01:47', 'Complete', 'Error Rate');
insert into SystemHealth (LogID, Timestamp, Status, MetricType) values (3, '2024-11-05 13:29:34', 'Recovered', 'CPU Usage');
insert into SystemHealth (LogID, Timestamp, Status, MetricType) values (36, '2024-03-25 07:56:21', 'Operational', 'Service Downtime');
insert into SystemHealth (LogID, Timestamp, Status, MetricType) values (10, '2024-03-22 07:01:50', 'Complete', 'Response Time');
insert into SystemHealth (LogID, Timestamp, Status, MetricType) values (25, '2024-05-16 19:39:19', 'Complete', 'Data Throughput');
insert into SystemHealth (LogID, Timestamp, Status, MetricType) values (48, '2024-11-05 10:44:02', 'Complete', 'Patch Management');
insert into SystemHealth (LogID, Timestamp, Status, MetricType) values (16, '2024-05-01 15:17:33', 'Normal', 'CPU Usage');
insert into SystemHealth (LogID, Timestamp, Status, MetricType) values (41, '2024-03-21 17:26:03', 'Normal', 'Security Events');
insert into SystemHealth (LogID, Timestamp, Status, MetricType) values (8, '2024-04-09 02:34:09', 'Recovered', 'User Login Attempts');
insert into SystemHealth (LogID, Timestamp, Status, MetricType) values (30, '2024-11-21 15:10:52', 'Active', 'System Scalability');
insert into SystemHealth (LogID, Timestamp, Status, MetricType) values (47, '2024-11-20 22:30:35', 'Active', 'Backup Success Rate');
insert into SystemHealth (LogID, Timestamp, Status, MetricType) values (13, '2024-08-31 10:17:14', 'Recovered', 'Network Latency');
insert into SystemHealth (LogID, Timestamp, Status, MetricType) values (38, '2024-03-10 16:47:48', 'Normal', 'System Uptime');
insert into SystemHealth (LogID, Timestamp, Status, MetricType) values (6, '2024-11-18 07:29:51', 'Active', 'Network Latency');
insert into SystemHealth (LogID, Timestamp, Status, MetricType) values (21, '2024-08-23 20:03:42', 'Operational', 'Data Throughput');
insert into SystemHealth (LogID, Timestamp, Status, MetricType) values (44, '2024-10-22 18:03:39', 'Operational', 'Disk Space');
insert into SystemHealth (LogID, Timestamp, Status, MetricType) values (2, '2024-06-10 10:19:24', 'Active', 'Data Throughput');
insert into SystemHealth (LogID, Timestamp, Status, MetricType) values (35, '2024-09-24 13:11:15', 'Recovered', 'User Login Attempts');
insert into SystemHealth (LogID, Timestamp, Status, MetricType) values (11, '2024-10-30 09:38:08', 'Operational', 'Database Backup Frequency');
insert into SystemHealth (LogID, Timestamp, Status, MetricType) values (26, '2024-05-20 00:54:29', 'Recovered', 'Network Latency');
insert into SystemHealth (LogID, Timestamp, Status, MetricType) values (49, '2024-11-09 18:50:06', 'Active', 'Database Backup Frequency');
insert into SystemHealth (LogID, Timestamp, Status, MetricType) values (15, '2024-07-25 12:48:28', 'Normal', 'Disk Space');
insert into SystemHealth (LogID, Timestamp, Status, MetricType) values (40, '2023-12-31 12:28:57', 'Recovered', 'Error Rate');
insert into SystemHealth (LogID, Timestamp, Status, MetricType) values (4, '2024-02-01 03:15:07', 'Operational', 'Active Connections');
insert into SystemHealth (LogID, Timestamp, Status, MetricType) values (19, '2024-08-18 07:34:13', 'Recovered', 'System Uptime');
insert into SystemHealth (LogID, Timestamp, Status, MetricType) values (43, '2024-11-11 05:01:35', 'Normal', 'System Load');
insert into SystemHealth (LogID, Timestamp, Status, MetricType) values (1, '2023-12-10 23:28:13', 'Active', 'Response Time');
insert into SystemHealth (LogID, Timestamp, Status, MetricType) values (37, '2024-05-17 12:57:33', 'Complete', 'Disk Space');
insert into SystemHealth (LogID, Timestamp, Status, MetricType) values (24, '2024-08-05 23:12:30', 'Normal', 'Database Query Time');
insert into SystemHealth (LogID, Timestamp, Status, MetricType) values (46, '2024-03-07 08:42:21', 'Active', 'Database Backup Frequency');
insert into SystemHealth (LogID, Timestamp, Status, MetricType) values (17, '2024-05-06 10:13:32', 'Normal', 'Patch Management');
insert into SystemHealth (LogID, Timestamp, Status, MetricType) values (32, '2024-09-22 01:10:12', 'Complete', 'CPU Usage');
insert into SystemHealth (LogID, Timestamp, Status, MetricType) values (22, '2024-01-30 03:51:19', 'Normal', 'Data Throughput');
insert into SystemHealth (LogID, Timestamp, Status, MetricType) values (33, '2024-06-11 12:00:15', 'Operational', 'Disk Space');
insert into SystemHealth (LogID, Timestamp, Status, MetricType) values (28, '2024-05-26 08:55:01', 'Complete', 'Patch Management');
insert into SystemHealth (LogID, Timestamp, Status, MetricType) values (29, '2024-11-28 04:45:43', 'Operational', 'User Login Attempts');
