-- CityCommunity Data
insert into CityCommunity (CommunityID, Location) values (1, 'East Side');
insert into CityCommunity (CommunityID, Location) values (2, 'Midtown');
insert into CityCommunity (CommunityID, Location) values (3, 'West End');
insert into CityCommunity (CommunityID, Location) values (4, 'West End');
insert into CityCommunity (CommunityID, Location) values (5, 'Downtown');
insert into CityCommunity (CommunityID, Location) values (6, 'Midtown');
insert into CityCommunity (CommunityID, Location) values (7, 'Uptown');
insert into CityCommunity (CommunityID, Location) values (8, 'West End');
insert into CityCommunity (CommunityID, Location) values (9, 'Downtown');
insert into CityCommunity (CommunityID, Location) values (10, 'West End');


-- Housing Data
insert into Housing (HousingID, Availability, Style, Location) values (1, 'occupied', 'Yurt', 'North End');
insert into Housing (HousingID, Availability, Style, Location) values (2, 'occupied', 'Yurt', 'Midtown');
insert into Housing (HousingID, Availability, Style, Location) values (3, 'vacant', 'Mobile Home', 'North End');
insert into Housing (HousingID, Availability, Style, Location) values (4, 'under contract', 'Fraternity/Sorority House', 'South Side');
insert into Housing (HousingID, Availability, Style, Location) values (5, 'coming soon', 'Apartment', 'South Side');
insert into Housing (HousingID, Availability, Style, Location) values (6, 'pending inspection', 'Apartment', 'East Side');
insert into Housing (HousingID, Availability, Style, Location) values (7, 'occupied', 'Tiny House', 'West End');
insert into Housing (HousingID, Availability, Style, Location) values (8, 'under contract', 'Loft', 'Downtown');
insert into Housing (HousingID, Availability, Style, Location) values (9, 'for sale', 'Mobile Home', 'South Side');
insert into Housing (HousingID, Availability, Style, Location) values (10, 'leased', 'Mobile Home', 'South Side');
insert into Housing (HousingID, Availability, Style, Location) values (11, 'pending inspection', 'Townhouse', 'East Side');
insert into Housing (HousingID, Availability, Style, Location) values (12, 'vacant', 'Treehouse', 'North End');
insert into Housing (HousingID, Availability, Style, Location) values (13, 'vacant', 'Fraternity/Sorority House', 'South Side');
insert into Housing (HousingID, Availability, Style, Location) values (14, 'under contract', 'Townhouse', 'West End');
insert into Housing (HousingID, Availability, Style, Location) values (15, 'off market', 'Fraternity/Sorority House', 'East Side');
insert into Housing (HousingID, Availability, Style, Location) values (16, 'under contract', 'Loft', 'Downtown');
insert into Housing (HousingID, Availability, Style, Location) values (17, 'off market', 'Tiny House', 'Midtown');
insert into Housing (HousingID, Availability, Style, Location) values (18, 'occupied', 'Apartment', 'East Side');
insert into Housing (HousingID, Availability, Style, Location) values (19, 'coming soon', 'Cottage', 'North End');
insert into Housing (HousingID, Availability, Style, Location) values (20, 'for sale', 'Treehouse', 'West End');
insert into Housing (HousingID, Availability, Style, Location) values (21, 'leased', 'Treehouse', 'East Side');
insert into Housing (HousingID, Availability, Style, Location) values (22, 'for sale', 'Yurt', 'North End');
insert into Housing (HousingID, Availability, Style, Location) values (23, 'for sale', 'Yurt', 'North End');
insert into Housing (HousingID, Availability, Style, Location) values (24, 'occupied', 'Apartment', 'West End');
insert into Housing (HousingID, Availability, Style, Location) values (25, 'occupied', 'Cottage', 'Downtown');
insert into Housing (HousingID, Availability, Style, Location) values (26, 'off market', 'Apartment', 'East Side');
insert into Housing (HousingID, Availability, Style, Location) values (27, 'vacant', 'Loft', 'North End');
insert into Housing (HousingID, Availability, Style, Location) values (28, 'under contract', 'Tiny House', 'Midtown');
insert into Housing (HousingID, Availability, Style, Location) values (29, 'leased', 'Yurt', 'North End');
insert into Housing (HousingID, Availability, Style, Location) values (30, 'for sale', 'Dormitory', 'West End');
insert into Housing (HousingID, Availability, Style, Location) values (31, 'occupied', 'Mobile Home', 'South Side');
insert into Housing (HousingID, Availability, Style, Location) values (32, 'leased', 'Dormitory', 'North End');
insert into Housing (HousingID, Availability, Style, Location) values (33, 'occupied', 'Cottage', 'North End');
insert into Housing (HousingID, Availability, Style, Location) values (34, 'off market', 'Yurt', 'West End');
insert into Housing (HousingID, Availability, Style, Location) values (35, 'occupied', 'Loft', 'Uptown');
insert into Housing (HousingID, Availability, Style, Location) values (36, 'pending inspection', 'Tiny House', 'South Side');
insert into Housing (HousingID, Availability, Style, Location) values (37, 'occupied', 'Fraternity/Sorority House', 'Uptown');
insert into Housing (HousingID, Availability, Style, Location) values (38, 'under contract', 'Yurt', 'East Side');
insert into Housing (HousingID, Availability, Style, Location) values (39, 'leased', 'Dormitory', 'East Side');
insert into Housing (HousingID, Availability, Style, Location) values (40, 'coming soon', 'Tiny House', 'West End');
insert into Housing (HousingID, Availability, Style, Location) values (41, 'available', 'Tiny House', 'South Side');
insert into Housing (HousingID, Availability, Style, Location) values (42, 'available', 'Loft', 'South Side');
insert into Housing (HousingID, Availability, Style, Location) values (43, 'available', 'Tiny House', 'West End');
insert into Housing (HousingID, Availability, Style, Location) values (44, 'pending inspection', 'Yurt', 'East Side');
insert into Housing (HousingID, Availability, Style, Location) values (45, 'available', 'Townhouse', 'West End');
insert into Housing (HousingID, Availability, Style, Location) values (46, 'occupied', 'Cottage', 'North End');
insert into Housing (HousingID, Availability, Style, Location) values (47, 'vacant', 'Townhouse', 'South Side');
insert into Housing (HousingID, Availability, Style, Location) values (48, 'coming soon', 'Townhouse', 'Midtown');
insert into Housing (HousingID, Availability, Style, Location) values (49, 'under renovation', 'Cottage', 'Downtown');
insert into Housing (HousingID, Availability, Style, Location) values (50, 'leased', 'Yurt', 'East Side');

-- User data
insert into User (UserID, Name, Email, Role, PermissionsLevel) values (1, 'Letizia Cabell', 'lcabell0@wikispaces.com', 'IT Administrator', 'guest');
insert into User (UserID, Name, Email, Role, PermissionsLevel) values (2, 'Mira Lynock', 'mlynock1@webnode.com', 'IT Administrator', 'admin');
insert into User (UserID, Name, Email, Role, PermissionsLevel) values (3, 'Caro Molnar', 'cmolnar2@digg.com', 'IT Administrator', 'limited');
insert into User (UserID, Name, Email, Role, PermissionsLevel) values (4, 'Christos Boulsher', 'cboulsher3@admin.ch', 'System Administrator', 'guest');
insert into User (UserID, Name, Email, Role, PermissionsLevel) values (5, 'Jess Leneve', 'jleneve4@archive.org', 'IT Administrator', 'user');
insert into User (UserID, Name, Email, Role, PermissionsLevel) values (6, 'Jordan Harfoot', 'jharfoot5@1688.com', 'IT Administrator', 'admin');
insert into User (UserID, Name, Email, Role, PermissionsLevel) values (7, 'Yorke Leyzell', 'yleyzell6@cmu.edu', 'Network Administrator', 'guest');
insert into User (UserID, Name, Email, Role, PermissionsLevel) values (8, 'Sigrid Kigelman', 'skigelman7@washington.edu', 'System Administrator', 'user');
insert into User (UserID, Name, Email, Role, PermissionsLevel) values (9, 'Feodora Blackaller', 'fblackaller8@usnews.com', 'Network Administrator', 'user');
insert into User (UserID, Name, Email, Role, PermissionsLevel) values (10, 'Ambrose Jeandon', 'ajeandon9@unicef.org', 'Network Administrator', 'guest');
insert into User (UserID, Name, Email, Role, PermissionsLevel) values (11, 'Spence Chastey', 'schasteya@china.com.cn', 'System Administrator', 'admin');
insert into User (UserID, Name, Email, Role, PermissionsLevel) values (12, 'Eartha Colqueran', 'ecolqueranb@apple.com', 'System Administrator', 'admin');
insert into User (UserID, Name, Email, Role, PermissionsLevel) values (13, 'Kinna Woolsey', 'kwoolseyc@homestead.com', 'IT Administrator', 'moderator');
insert into User (UserID, Name, Email, Role, PermissionsLevel) values (14, 'Nathan Tolworthie', 'ntolworthied@spotify.com', 'System Administrator', 'admin');
insert into User (UserID, Name, Email, Role, PermissionsLevel) values (15, 'Diane Cancellieri', 'dcancellierie@qq.com', 'Network Administrator', 'limited');
insert into User (UserID, Name, Email, Role, PermissionsLevel) values (16, 'Horatio Purdon', 'hpurdonf@histats.com', 'IT Administrator', 'guest');
insert into User (UserID, Name, Email, Role, PermissionsLevel) values (17, 'Elvin Danes', 'edanesg@japanpost.jp', 'Network Administrator', 'moderator');
insert into User (UserID, Name, Email, Role, PermissionsLevel) values (18, 'Dori Callow', 'dcallowh@mac.com', 'IT Administrator', 'user');
insert into User (UserID, Name, Email, Role, PermissionsLevel) values (19, 'Ediva Malter', 'emalteri@craigslist.org', 'IT Administrator', 'admin');
insert into User (UserID, Name, Email, Role, PermissionsLevel) values (20, 'Lyn Paskerful', 'lpaskerfulj@yellowpages.com', 'System Administrator', 'admin');
insert into User (UserID, Name, Email, Role, PermissionsLevel) values (21, 'Arleta Clayden', 'aclaydenk@discovery.com', 'System Administrator', 'guest');
insert into User (UserID, Name, Email, Role, PermissionsLevel) values (22, 'Marietta Ropars', 'mroparsl@purevolume.com', 'Network Administrator', 'moderator');
insert into User (UserID, Name, Email, Role, PermissionsLevel) values (23, 'Brade O''Rodane', 'borodanem@sohu.com', 'Network Administrator', 'admin');
insert into User (UserID, Name, Email, Role, PermissionsLevel) values (24, 'Cammy Crichmere', 'ccrichmeren@mediafire.com', 'Network Administrator', 'user');
insert into User (UserID, Name, Email, Role, PermissionsLevel) values (25, 'Elwira Szymanzyk', 'eszymanzyko@noaa.gov', 'System Administrator', 'limited');
insert into User (UserID, Name, Email, Role, PermissionsLevel) values (26, 'Lorenzo Duerdin', 'lduerdinp@java.com', 'System Administrator', 'moderator');
insert into User (UserID, Name, Email, Role, PermissionsLevel) values (27, 'Austin Latchmore', 'alatchmoreq@pen.io', 'IT Administrator', 'user');
insert into User (UserID, Name, Email, Role, PermissionsLevel) values (28, 'Park Brettell', 'pbrettellr@reddit.com', 'Network Administrator', 'guest');
insert into User (UserID, Name, Email, Role, PermissionsLevel) values (29, 'Bess MacMichael', 'bmacmichaels@spotify.com', 'System Administrator', 'user');
insert into User (UserID, Name, Email, Role, PermissionsLevel) values (30, 'Pedro Gatherer', 'pgatherert@vkontakte.ru', 'IT Administrator', 'user');

-- Ticket
insert into Ticket (TicketID, UserID, IssueType, Status, Priority, ReceivedDate, ResolvedDate) values (1, 1, 'search function not working', 'completed', 'Medium', '4/5/2024', '2/4/2024');
insert into Ticket (TicketID, UserID, IssueType, Status, Priority, ReceivedDate, ResolvedDate) values (2, 2, 'payment processing error', 'completed', 'Medium', '10/2/2024', '5/15/2024');
insert into Ticket (TicketID, UserID, IssueType, Status, Priority, ReceivedDate, ResolvedDate) values (3, 3, 'video playback issue', 'cancelled', 'Low', '5/21/2024', '6/8/2024');
insert into Ticket (TicketID, UserID, IssueType, Status, Priority, ReceivedDate, ResolvedDate) values (4, 4, 'page not loading', 'cancelled', 'High', '5/30/2024', '3/22/2024');
insert into Ticket (TicketID, UserID, IssueType, Status, Priority, ReceivedDate, ResolvedDate) values (5, 5, 'broken link', 'cancelled', 'High', '12/26/2023', '11/23/2024');
insert into Ticket (TicketID, UserID, IssueType, Status, Priority, ReceivedDate, ResolvedDate) values (6, 6, 'payment processing error', 'pending', 'High', '2/12/2024', '1/19/2024');
insert into Ticket (TicketID, UserID, IssueType, Status, Priority, ReceivedDate, ResolvedDate) values (7, 7, 'missing images', 'pending', 'Low', '7/18/2024', '6/13/2024');
insert into Ticket (TicketID, UserID, IssueType, Status, Priority, ReceivedDate, ResolvedDate) values (8, 8, 'incorrect password', 'pending', 'Medium', '7/29/2024', '1/2/2024');
insert into Ticket (TicketID, UserID, IssueType, Status, Priority, ReceivedDate, ResolvedDate) values (9, 9, 'login error', 'completed', 'Medium', '2/22/2024', '9/28/2024');
insert into Ticket (TicketID, UserID, IssueType, Status, Priority, ReceivedDate, ResolvedDate) values (10, 10, 'page not loading', 'pending', 'High', '7/24/2024', '5/24/2024');
insert into Ticket (TicketID, UserID, IssueType, Status, Priority, ReceivedDate, ResolvedDate) values (11, 11, 'search function not working', 'pending', 'High', '1/25/2024', '7/7/2024');
insert into Ticket (TicketID, UserID, IssueType, Status, Priority, ReceivedDate, ResolvedDate) values (12, 12, 'payment processing error', 'cancelled', 'Low', '5/25/2024', '5/22/2024');
insert into Ticket (TicketID, UserID, IssueType, Status, Priority, ReceivedDate, ResolvedDate) values (13, 13, 'formatting problem', 'pending', 'Low', '1/12/2024', '9/8/2024');
insert into Ticket (TicketID, UserID, IssueType, Status, Priority, ReceivedDate, ResolvedDate) values (14, 14, 'missing images', 'cancelled', 'Low', '1/12/2024', '1/18/2024');
insert into Ticket (TicketID, UserID, IssueType, Status, Priority, ReceivedDate, ResolvedDate) values (15, 15, 'search function not working', 'cancelled', 'Medium', '1/3/2024', '5/23/2024');
insert into Ticket (TicketID, UserID, IssueType, Status, Priority, ReceivedDate, ResolvedDate) values (16, 16, 'slow performance', 'completed', 'Low', '2/16/2024', '9/30/2024');
insert into Ticket (TicketID, UserID, IssueType, Status, Priority, ReceivedDate, ResolvedDate) values (17, 17, 'slow performance', 'pending', 'High', '3/27/2024', '7/2/2024');
insert into Ticket (TicketID, UserID, IssueType, Status, Priority, ReceivedDate, ResolvedDate) values (18, 18, 'payment processing error', 'pending', 'Medium', '8/14/2024', '10/16/2024');
insert into Ticket (TicketID, UserID, IssueType, Status, Priority, ReceivedDate, ResolvedDate) values (19, 19, 'payment processing error', 'pending', 'Medium', '8/20/2024', '10/6/2024');
insert into Ticket (TicketID, UserID, IssueType, Status, Priority, ReceivedDate, ResolvedDate) values (20, 20, 'missing images', 'pending', 'High', '8/12/2024', '11/14/2024');
insert into Ticket (TicketID, UserID, IssueType, Status, Priority, ReceivedDate, ResolvedDate) values (21, 21, 'broken link', 'pending', 'Medium', '1/15/2024', '4/20/2024');
insert into Ticket (TicketID, UserID, IssueType, Status, Priority, ReceivedDate, ResolvedDate) values (22, 22, 'payment processing error', 'pending', 'Low', '12/9/2023', '1/23/2024');
insert into Ticket (TicketID, UserID, IssueType, Status, Priority, ReceivedDate, ResolvedDate) values (23, 23, 'search function not working', 'completed', 'Medium', '2/5/2024', '2/18/2024');
insert into Ticket (TicketID, UserID, IssueType, Status, Priority, ReceivedDate, ResolvedDate) values (24, 24, 'formatting problem', 'completed', 'Low', '4/6/2024', '8/9/2024');
insert into Ticket (TicketID, UserID, IssueType, Status, Priority, ReceivedDate, ResolvedDate) values (25, 25, 'video playback issue', 'pending', 'High', '8/22/2024', '8/19/2024');
insert into Ticket (TicketID, UserID, IssueType, Status, Priority, ReceivedDate, ResolvedDate) values (26, 26, 'search function not working', 'pending', 'Medium', '7/19/2024', '9/25/2024');
insert into Ticket (TicketID, UserID, IssueType, Status, Priority, ReceivedDate, ResolvedDate) values (27, 27, 'broken link', 'cancelled', 'High', '5/20/2024', '1/22/2024');
insert into Ticket (TicketID, UserID, IssueType, Status, Priority, ReceivedDate, ResolvedDate) values (28, 28, 'broken link', 'cancelled', 'High', '7/23/2024', '12/3/2023');
insert into Ticket (TicketID, UserID, IssueType, Status, Priority, ReceivedDate, ResolvedDate) values (29, 29, 'broken link', 'pending', 'Low', '10/16/2024', '7/15/2024');
insert into Ticket (TicketID, UserID, IssueType, Status, Priority, ReceivedDate, ResolvedDate) values (30, 30, 'login error', 'completed', 'Low', '7/8/2024', '3/14/2024');
insert into Ticket (TicketID, UserID, IssueType, Status, Priority, ReceivedDate, ResolvedDate) values (31, 31, 'formatting problem', 'cancelled', 'High', '11/2/2024', '2/13/2024');
insert into Ticket (TicketID, UserID, IssueType, Status, Priority, ReceivedDate, ResolvedDate) values (32, 32, 'incorrect password', 'cancelled', 'Medium', '5/2/2024', '1/2/2024');
insert into Ticket (TicketID, UserID, IssueType, Status, Priority, ReceivedDate, ResolvedDate) values (33, 33, 'missing images', 'completed', 'Low', '3/28/2024', '3/10/2024');
insert into Ticket (TicketID, UserID, IssueType, Status, Priority, ReceivedDate, ResolvedDate) values (34, 34, 'slow performance', 'completed', 'High', '7/4/2024', '3/22/2024');
insert into Ticket (TicketID, UserID, IssueType, Status, Priority, ReceivedDate, ResolvedDate) values (35, 35, 'formatting problem', 'completed', 'Medium', '3/20/2024', '6/17/2024');
insert into Ticket (TicketID, UserID, IssueType, Status, Priority, ReceivedDate, ResolvedDate) values (36, 36, 'incorrect password', 'completed', 'Low', '12/28/2023', '5/24/2024');
insert into Ticket (TicketID, UserID, IssueType, Status, Priority, ReceivedDate, ResolvedDate) values (37, 37, 'formatting problem', 'cancelled', 'High', '5/16/2024', '8/2/2024');
insert into Ticket (TicketID, UserID, IssueType, Status, Priority, ReceivedDate, ResolvedDate) values (38, 38, 'slow performance', 'pending', 'High', '1/5/2024', '1/2/2024');
insert into Ticket (TicketID, UserID, IssueType, Status, Priority, ReceivedDate, ResolvedDate) values (39, 39, 'page not loading', 'completed', 'Medium', '5/21/2024', '6/8/2024');
insert into Ticket (TicketID, UserID, IssueType, Status, Priority, ReceivedDate, ResolvedDate) values (40, 40, 'incorrect password', 'cancelled', 'High', '2/18/2024', '11/18/2024');

-- Student data
insert into Student (StudentID, Name, Major, Location, Company, HousingStatus, CarpoolStatus, Budget, LeaseDuration, Cleanliness, Lifestyle, CommuteTime, CommuteDays, Bio, CommunityID, HousingID) values (1, 'Rhett Pepperell', 'Biology', 'Seattle', 'Innotype', 'Not interested', 'Has Car', '$1200', '6 months', 'Neat', 'Night-Owl', 40, 6, 'Enjoys gardening and growing own vegetables', '3', 8);
insert into Student (StudentID, Name, Major, Location, Company, HousingStatus, CarpoolStatus, Budget, LeaseDuration, Cleanliness, Lifestyle, CommuteTime, CommuteDays, Bio, CommunityID, HousingID) values (2, 'Tuesday Passie', 'Physics', 'London', 'Babbleset', 'Has Housing', 'Not interested', '$1000', '1 year', 'Minimal', 'Independent', 15, 7, 'Enjoys reading mystery novels and solving puzzles', '10', 17);
insert into Student (StudentID, Name, Major, Location, Company, HousingStatus, CarpoolStatus, Budget, LeaseDuration, Cleanliness, Lifestyle, CommuteTime, CommuteDays, Bio, CommunityID, HousingID) values (3, 'Lorenzo Eyre', 'Sociology', 'Chicago', 'Aimbo', 'Looking for Roommates', 'Offering Carpool', '$300', '6 months', 'Minimal', 'Quiet', 40, 2, 'Passionate about cooking and trying new recipes', '2', 8);
insert into Student (StudentID, Name, Major, Location, Company, HousingStatus, CarpoolStatus, Budget, LeaseDuration, Cleanliness, Lifestyle, CommuteTime, CommuteDays, Bio, CommunityID, HousingID) values (4, 'Gavrielle Devennie', 'Psychology', 'New York City', 'Mycat', 'Not interested', 'Not interested', '$1300', '4 months', 'Cluttered', 'Active', 30, 6, 'Passionate about volunteering and giving back to the community', '7', 27);
insert into Student (StudentID, Name, Major, Location, Company, HousingStatus, CarpoolStatus, Budget, LeaseDuration, Cleanliness, Lifestyle, CommuteTime, CommuteDays, Bio, CommunityID, HousingID) values (5, 'Gordan Lucio', 'Psychology', 'Chicago', 'Realfire', 'Has Housing', 'Looking for Carpool', '$1400', '6 months', 'Minimal', 'Independent', 40, 4, 'Loves animals and volunteering at animal shelters', '9', 34);
insert into Student (StudentID, Name, Major, Location, Company, HousingStatus, CarpoolStatus, Budget, LeaseDuration, Cleanliness, Lifestyle, CommuteTime, CommuteDays, Bio, CommunityID, HousingID) values (6, 'Rona Readie', 'Psychology', 'New York City', 'Chatterbridge', 'Offering Housing', 'Not interested', '$1200', '6 months', 'Neat', 'Night-Owl', 10, 5, 'Fascinated by astronomy and stargazing', '7', 31);
insert into Student (StudentID, Name, Major, Location, Company, HousingStatus, CarpoolStatus, Budget, LeaseDuration, Cleanliness, Lifestyle, CommuteTime, CommuteDays, Bio, CommunityID, HousingID) values (7, 'Monica Fogden', 'Physics', 'San Francisco', 'Kayveo', 'Offering Housing', 'Offering Carpool', '$1500', '4 months', 'Neat', 'Active', 25, 2, 'Passionate about environmental conservation and sustainability', '7', 50);
insert into Student (StudentID, Name, Major, Location, Company, HousingStatus, CarpoolStatus, Budget, LeaseDuration, Cleanliness, Lifestyle, CommuteTime, CommuteDays, Bio, CommunityID, HousingID) values (8, 'Ramonda Presswell', 'Sociology', 'Seattle', 'Thoughtbeat', 'Has Housing', 'Carpool Established', '$2500', '4 months', 'Spotless', 'Independent', 45, 4, 'Adventurous spirit with a love for travel and experiencing new cultures', '4', 17);
insert into Student (StudentID, Name, Major, Location, Company, HousingStatus, CarpoolStatus, Budget, LeaseDuration, Cleanliness, Lifestyle, CommuteTime, CommuteDays, Bio, CommunityID, HousingID) values (9, 'Jerrome Lathan', 'Physics', 'Seattle', 'Tagtune', 'Not interested', 'Offering Carpool', '$1500', '4 months', 'Neat', 'Extroverted', 25, 4, 'Enjoys reading mystery novels and solving puzzles', '10', 44);
insert into Student (StudentID, Name, Major, Location, Company, HousingStatus, CarpoolStatus, Budget, LeaseDuration, Cleanliness, Lifestyle, CommuteTime, CommuteDays, Bio, CommunityID, HousingID) values (10, 'Gerta Parfett', 'Sociology', 'Boston', 'Thoughtsphere', 'Offering Housing', 'Not interested', '$1400', '1 year', 'Organized', 'Independent', 15, 3, 'Passionate about environmental conservation and sustainability', '4', 1);
insert into Student (StudentID, Name, Major, Location, Company, HousingStatus, CarpoolStatus, Budget, LeaseDuration, Cleanliness, Lifestyle, CommuteTime, CommuteDays, Bio, CommunityID, HousingID) values (11, 'Toiboid Caroll', 'Psychology', 'New York City', 'Devpoint', 'Offering Housing', 'Carpool Established', '$1600', '4 months', 'Neat', 'Introverted', 35, 5, 'Fascinated by technology and exploring new gadgets', '9', 40);
insert into Student (StudentID, Name, Major, Location, Company, HousingStatus, CarpoolStatus, Budget, LeaseDuration, Cleanliness, Lifestyle, CommuteTime, CommuteDays, Bio, CommunityID, HousingID) values (12, 'Bryant Bradborne', 'Art', 'London', 'Meedoo', 'Looking for Roommates', 'Has Car', '$800', '4 months', 'Cluttered', 'Extroverted', 45, 7, 'Loves watching documentaries and learning about different topics', '', 17);
insert into Student (StudentID, Name, Major, Location, Company, HousingStatus, CarpoolStatus, Budget, LeaseDuration, Cleanliness, Lifestyle, CommuteTime, CommuteDays, Bio, CommunityID, HousingID) values (13, 'Barnabe Whear', 'Biology', 'Boston', 'Livetube', 'Has Housing', 'Has Car', '$1100', '6 months', 'Minimal', 'Studious', 15, 1, 'Fascinated by history and visiting historical sites', '7', 13);
insert into Student (StudentID, Name, Major, Location, Company, HousingStatus, CarpoolStatus, Budget, LeaseDuration, Cleanliness, Lifestyle, CommuteTime, CommuteDays, Bio, CommunityID, HousingID) values (14, 'Rossie Franzoli', 'Psychology', 'Seattle', 'Eare', 'Offering Housing', 'Carpool Established', '$300', '4 months', 'Messy', 'Extroverted', 20, 1, 'Enjoys reading mystery novels and solving puzzles', '4', 20);
insert into Student (StudentID, Name, Major, Location, Company, HousingStatus, CarpoolStatus, Budget, LeaseDuration, Cleanliness, Lifestyle, CommuteTime, CommuteDays, Bio, CommunityID, HousingID) values (15, 'Anatola Catterill', 'Psychology', 'Seattle', 'Bluezoom', 'Has Housing', 'Not interested', '$900', '6 months', 'Neat', 'Introverted', 30, 6, 'Loves hiking and exploring new trails', '', 32);
insert into Student (StudentID, Name, Major, Location, Company, HousingStatus, CarpoolStatus, Budget, LeaseDuration, Cleanliness, Lifestyle, CommuteTime, CommuteDays, Bio, CommunityID, HousingID) values (16, 'Hy Agglio', 'Biology', 'Chicago', 'Feedfish', 'Offering Housing', 'Not interested', '$2000', '1 year', 'Messy', 'Independent', 15, 3, 'Loves watching documentaries and learning about different topics', '2', 43);
insert into Student (StudentID, Name, Major, Location, Company, HousingStatus, CarpoolStatus, Budget, LeaseDuration, Cleanliness, Lifestyle, CommuteTime, CommuteDays, Bio, CommunityID, HousingID) values (17, 'Mal Julien', 'Biology', 'Los Angeles', 'Rhycero', 'Offering Housing', 'Has Car', '$900', '1 year', 'Spotless', 'Social', 15, 6, 'Fascinated by psychology and understanding human behavior', '7', 17);
insert into Student (StudentID, Name, Major, Location, Company, HousingStatus, CarpoolStatus, Budget, LeaseDuration, Cleanliness, Lifestyle, CommuteTime, CommuteDays, Bio, CommunityID, HousingID) values (18, 'Odelia Willicott', 'Art', 'London', 'Yombu', 'Offering Housing', 'Looking for Carpool', '$1300', '6 months', 'Cluttered', 'Studious', 50, 4, 'Loves animals and volunteering at animal shelters', '3', 15);
insert into Student (StudentID, Name, Major, Location, Company, HousingStatus, CarpoolStatus, Budget, LeaseDuration, Cleanliness, Lifestyle, CommuteTime, CommuteDays, Bio, CommunityID, HousingID) values (19, 'Hurlee Paynes', 'Mathematics', 'London', 'Jayo', 'Not interested', 'Carpool Established', '$900', '4 months', 'Cluttered', 'Extroverted', 45, 7, 'Fascinated by astronomy and stargazing', '', 5);
insert into Student (StudentID, Name, Major, Location, Company, HousingStatus, CarpoolStatus, Budget, LeaseDuration, Cleanliness, Lifestyle, CommuteTime, CommuteDays, Bio, CommunityID, HousingID) values (20, 'Krysta Quinion', 'Mathematics', 'Seattle', 'Wordify', 'Offering Housing', 'Looking for Carpool', '$1600', '6 months', 'Minimal', 'Studious', 25, 7, 'Enjoys DIY projects and crafting handmade items', '4', 49);
insert into Student (StudentID, Name, Major, Location, Company, HousingStatus, CarpoolStatus, Budget, LeaseDuration, Cleanliness, Lifestyle, CommuteTime, CommuteDays, Bio, CommunityID, HousingID) values (21, 'Shanda Feld', 'Physics', 'Chicago', 'Jamia', 'Offering Housing', 'Carpool Established', '$1200', '1 year', 'Organized', 'Night-Owl', 55, 3, 'Fascinated by history and visiting historical sites', '8', 24);
insert into Student (StudentID, Name, Major, Location, Company, HousingStatus, CarpoolStatus, Budget, LeaseDuration, Cleanliness, Lifestyle, CommuteTime, CommuteDays, Bio, CommunityID, HousingID) values (22, 'Lari Panchen', 'Psychology', 'San Francisco', 'Youtags', 'Not interested', 'Carpool Established', '$1900', '1 year', 'Minimal', 'Extroverted', 25, 7, 'Fascinated by history and visiting historical sites', '7', 23);
insert into Student (StudentID, Name, Major, Location, Company, HousingStatus, CarpoolStatus, Budget, LeaseDuration, Cleanliness, Lifestyle, CommuteTime, CommuteDays, Bio, CommunityID, HousingID) values (23, 'Stevie Atkin', 'Sociology', 'London', 'Ooba', 'Looking for Roommates', 'Not interested', '$1500', '4 months', 'Spotless', 'Social', 50, 1, 'Passionate about environmental conservation and sustainability', '', 8);
insert into Student (StudentID, Name, Major, Location, Company, HousingStatus, CarpoolStatus, Budget, LeaseDuration, Cleanliness, Lifestyle, CommuteTime, CommuteDays, Bio, CommunityID, HousingID) values (24, 'Bobette Drohane', 'Biology', 'Los Angeles', 'Mybuzz', 'Not interested', 'Offering Carpool', '$1800', '4 months', 'Cluttered', 'Quiet', 20, 5, 'Loves hiking and exploring new trails', '9', 27);
insert into Student (StudentID, Name, Major, Location, Company, HousingStatus, CarpoolStatus, Budget, LeaseDuration, Cleanliness, Lifestyle, CommuteTime, CommuteDays, Bio, CommunityID, HousingID) values (25, 'Boot Marushak', 'Finance', 'San Jose', 'Topicware', 'Has Housing', 'Looking for Carpool', '$600', '1 year', 'Neat', 'Social', 25, 2, 'Enjoys reading mystery novels and solving puzzles', '8', 19);
insert into Student (StudentID, Name, Major, Location, Company, HousingStatus, CarpoolStatus, Budget, LeaseDuration, Cleanliness, Lifestyle, CommuteTime, CommuteDays, Bio, CommunityID, HousingID) values (26, 'Malory Cotgrave', 'Data Science', 'Boston', 'Jabberstorm', 'Looking for Roommates', 'Offering Carpool', '$900', '4 months', 'Spotless', 'Night-Owl', 35, 7, 'Enjoys photography and capturing beautiful moments', '8', 44);
insert into Student (StudentID, Name, Major, Location, Company, HousingStatus, CarpoolStatus, Budget, LeaseDuration, Cleanliness, Lifestyle, CommuteTime, CommuteDays, Bio, CommunityID, HousingID) values (27, 'Jody Brownbridge', 'Psychology', 'London', 'Tavu', 'Looking for Roommates', 'Not interested', '$1700', '4 months', 'Cluttered', 'Night-Owl', 20, 7, 'Passionate about volunteering and giving back to the community', '3', 2);
insert into Student (StudentID, Name, Major, Location, Company, HousingStatus, CarpoolStatus, Budget, LeaseDuration, Cleanliness, Lifestyle, CommuteTime, CommuteDays, Bio, CommunityID, HousingID) values (28, 'Bethanne Triggs', 'Computer Science', 'San Jose', 'Topdrive', 'Offering Housing', 'Has Car', '$900', '1 year', 'Spotless', 'Quiet', 20, 6, 'Fascinated by psychology and understanding human behavior', '10', 39);
insert into Student (StudentID, Name, Major, Location, Company, HousingStatus, CarpoolStatus, Budget, LeaseDuration, Cleanliness, Lifestyle, CommuteTime, CommuteDays, Bio, CommunityID, HousingID) values (29, 'Shelley Drohan', 'Finance', 'London', 'Omba', 'Has Housing', 'Has Car', '$800', '4 months', 'Cluttered', 'Night-Owl', 45, 1, 'Fascinated by technology and exploring new gadgets', '7', 42);
insert into Student (StudentID, Name, Major, Location, Company, HousingStatus, CarpoolStatus, Budget, LeaseDuration, Cleanliness, Lifestyle, CommuteTime, CommuteDays, Bio, CommunityID, HousingID) values (30, 'Cris Roullier', 'Chemistry', 'San Jose', 'Shufflebeat', 'Not interested', 'Has Car', '$1500', '1 year', 'Cluttered', 'Social', 25, 5, 'Loves playing musical instruments and composing music', '4', 24);
insert into Student (StudentID, Name, Major, Location, Company, HousingStatus, CarpoolStatus, Budget, LeaseDuration, Cleanliness, Lifestyle, CommuteTime, CommuteDays, Bio, CommunityID, HousingID) values (31, 'Mercie Dury', 'Computer Science', 'Seattle', 'Edgeblab', 'Looking for Housing', 'Offering Carpool', '$300', '4 months', 'Cluttered', 'Introverted', 45, 6, 'Loves animals and volunteering at animal shelters', '3', 29);
insert into Student (StudentID, Name, Major, Location, Company, HousingStatus, CarpoolStatus, Budget, LeaseDuration, Cleanliness, Lifestyle, CommuteTime, CommuteDays, Bio, CommunityID, HousingID) values (32, 'Angelia Edgecombe', 'Mathematics', 'San Francisco', 'Youspan', 'Offering Housing', 'Has Car', '$900', '1 year', 'Messy', 'Studious', 35, 1, 'Enjoys painting and expressing creativity through art', '9', 6);
insert into Student (StudentID, Name, Major, Location, Company, HousingStatus, CarpoolStatus, Budget, LeaseDuration, Cleanliness, Lifestyle, CommuteTime, CommuteDays, Bio, CommunityID, HousingID) values (33, 'Sigmund Adderley', 'Biology', 'D.C.', 'Divanoodle', 'Has Housing', 'Offering Carpool', '$1500', '1 year', 'Neat', 'Extroverted', 15, 5, 'Passionate about environmental conservation and sustainability', '3', 21);
insert into Student (StudentID, Name, Major, Location, Company, HousingStatus, CarpoolStatus, Budget, LeaseDuration, Cleanliness, Lifestyle, CommuteTime, CommuteDays, Bio, CommunityID, HousingID) values (34, 'Tedda Fincher', 'Finance', 'Chicago', 'Jaloo', 'Offering Housing', 'Not interested', '$900', '1 year', 'Neat', 'Active', 10, 4, 'Passionate about fitness and leading a healthy lifestyle', '1', 48);
insert into Student (StudentID, Name, Major, Location, Company, HousingStatus, CarpoolStatus, Budget, LeaseDuration, Cleanliness, Lifestyle, CommuteTime, CommuteDays, Bio, CommunityID, HousingID) values (35, 'Vivian Kilgallen', 'Art', 'New York City', 'Dabshots', 'Looking for Roommates', 'Has Car', '$1100', '4 months', 'Messy', 'Active', 25, 4, 'Fascinated by psychology and understanding human behavior', '7', 13);
insert into Student (StudentID, Name, Major, Location, Company, HousingStatus, CarpoolStatus, Budget, LeaseDuration, Cleanliness, Lifestyle, CommuteTime, CommuteDays, Bio, CommunityID, HousingID) values (36, 'Polly Danielut', 'Chemistry', 'Boston', 'Jabbersphere', 'Offering Housing', 'Offering Carpool', '$1700', '6 months', 'Organized', 'Studious', 25, 4, 'Loves hiking and exploring new trails', '10', 1);
insert into Student (StudentID, Name, Major, Location, Company, HousingStatus, CarpoolStatus, Budget, LeaseDuration, Cleanliness, Lifestyle, CommuteTime, CommuteDays, Bio, CommunityID, HousingID) values (37, 'Carlina Berrow', 'Sociology', 'D.C.', 'Youspan', 'Looking for Roommates', 'Carpool Established', '$700', '6 months', 'Neat', 'Active', 30, 1, 'Fascinated by technology and exploring new gadgets', '1', 7);
insert into Student (StudentID, Name, Major, Location, Company, HousingStatus, CarpoolStatus, Budget, LeaseDuration, Cleanliness, Lifestyle, CommuteTime, CommuteDays, Bio, CommunityID, HousingID) values (38, 'Caesar Belvin', 'Psychology', 'New York City', 'Topicshots', 'Looking for Housing', 'Has Car', '$2500', '6 months', 'Neat', 'Studious', 35, 2, 'Enjoys painting and expressing creativity through art', '10', 29);
insert into Student (StudentID, Name, Major, Location, Company, HousingStatus, CarpoolStatus, Budget, LeaseDuration, Cleanliness, Lifestyle, CommuteTime, CommuteDays, Bio, CommunityID, HousingID) values (39, 'Maris Dark', 'Physics', 'Boston', 'Youspan', 'Looking for Roommates', 'Not interested', '$1200', '1 year', 'Spotless', 'Social', 55, 5, 'Enjoys photography and capturing beautiful moments', '', 42);
insert into Student (StudentID, Name, Major, Location, Company, HousingStatus, CarpoolStatus, Budget, LeaseDuration, Cleanliness, Lifestyle, CommuteTime, CommuteDays, Bio, CommunityID, HousingID) values (40, 'Philippine Wrintmore', 'Sociology', 'Los Angeles', 'Flipbug', 'Offering Housing', 'Not interested', '$700', '4 months', 'Spotless', 'Introverted', 30, 7, 'Enjoys painting and expressing creativity through art', '10', 2);
insert into Student (StudentID, Name, Major, Location, Company, HousingStatus, CarpoolStatus, Budget, LeaseDuration, Cleanliness, Lifestyle, CommuteTime, CommuteDays, Bio, CommunityID, HousingID) values (41, 'Niko Maidens', 'Biology', 'New York City', 'Yabox', 'Offering Housing', 'Looking for Carpool', '$1000', '4 months', 'Minimal', 'Studious', 45, 5, 'Loves animals and volunteering at animal shelters', '2', 3);
insert into Student (StudentID, Name, Major, Location, Company, HousingStatus, CarpoolStatus, Budget, LeaseDuration, Cleanliness, Lifestyle, CommuteTime, CommuteDays, Bio, CommunityID, HousingID) values (42, 'Trey Poskitt', 'Art', 'D.C.', 'Pixope', 'Has Housing', 'Offering Carpool', '$400', '1 year', 'Cluttered', 'Studious', 55, 2, 'Loves playing musical instruments and composing music', '10', 18);
insert into Student (StudentID, Name, Major, Location, Company, HousingStatus, CarpoolStatus, Budget, LeaseDuration, Cleanliness, Lifestyle, CommuteTime, CommuteDays, Bio, CommunityID, HousingID) values (43, 'El Wessing', 'Data Science', 'Boston', 'Yombu', 'Has Housing', 'Not interested', '$1800', '4 months', 'Neat', 'Social', 15, 3, 'Passionate about environmental conservation and sustainability', '1', 10);
insert into Student (StudentID, Name, Major, Location, Company, HousingStatus, CarpoolStatus, Budget, LeaseDuration, Cleanliness, Lifestyle, CommuteTime, CommuteDays, Bio, CommunityID, HousingID) values (44, 'Opal Adel', 'Data Science', 'D.C.', 'Wordpedia', 'Not interested', 'Looking for Carpool', '$1800', '4 months', 'Spotless', 'Extroverted', 10, 3, 'Enjoys DIY projects and crafting handmade items', '8', 29);
insert into Student (StudentID, Name, Major, Location, Company, HousingStatus, CarpoolStatus, Budget, LeaseDuration, Cleanliness, Lifestyle, CommuteTime, CommuteDays, Bio, CommunityID, HousingID) values (45, 'Gertrud Obeney', 'Finance', 'San Francisco', 'Eare', 'Looking for Roommates', 'Looking for Carpool', '$1900', '1 year', 'Spotless', 'Night-Owl', 45, 7, 'Fascinated by history and visiting historical sites', '9', 21);
insert into Student (StudentID, Name, Major, Location, Company, HousingStatus, CarpoolStatus, Budget, LeaseDuration, Cleanliness, Lifestyle, CommuteTime, CommuteDays, Bio, CommunityID, HousingID) values (46, 'Mandel Raffeorty', 'Sociology', 'London', 'Yamia', 'Has Housing', 'Looking for Carpool', '$600', '4 months', 'Spotless', 'Active', 35, 4, 'Loves playing musical instruments and composing music', '4', 49);
insert into Student (StudentID, Name, Major, Location, Company, HousingStatus, CarpoolStatus, Budget, LeaseDuration, Cleanliness, Lifestyle, CommuteTime, CommuteDays, Bio, CommunityID, HousingID) values (47, 'Chickie Handforth', 'Physics', 'Chicago', 'Zava', 'Offering Housing', 'Looking for Carpool', '$1700', '1 year', 'Organized', 'Independent', 50, 6, 'Enjoys photography and capturing beautiful moments', '2', 49);
insert into Student (StudentID, Name, Major, Location, Company, HousingStatus, CarpoolStatus, Budget, LeaseDuration, Cleanliness, Lifestyle, CommuteTime, CommuteDays, Bio, CommunityID, HousingID) values (48, 'Kalie Moiser', 'Biology', 'New York City', 'Vimbo', 'Looking for Roommates', 'Looking for Carpool', '$1900', '4 months', 'Minimal', 'Night-Owl', 15, 3, 'Fascinated by astronomy and stargazing', '1', 29);
insert into Student (StudentID, Name, Major, Location, Company, HousingStatus, CarpoolStatus, Budget, LeaseDuration, Cleanliness, Lifestyle, CommuteTime, CommuteDays, Bio, CommunityID, HousingID) values (49, 'Callida Tunno', 'Mathematics', 'London', 'Twiyo', 'Not interested', 'Carpool Established', '$1100', '1 year', 'Minimal', 'Studious', 35, 5, 'Enjoys photography and capturing beautiful moments', '1', 12);
insert into Student (StudentID, Name, Major, Location, Company, HousingStatus, CarpoolStatus, Budget, LeaseDuration, Cleanliness, Lifestyle, CommuteTime, CommuteDays, Bio, CommunityID, HousingID) values (50, 'Elsy Karlowicz', 'Physics', 'San Jose', 'Flipstorm', 'Looking for Housing', 'Looking for Carpool', '$600', '6 months', 'Spotless', 'Extroverted', 30, 5, 'Loves hiking and exploring new trails', '3', 11);
insert into Student (StudentID, Name, Major, Location, Company, HousingStatus, CarpoolStatus, Budget, LeaseDuration, Cleanliness, Lifestyle, CommuteTime, CommuteDays, Bio, CommunityID, HousingID) values (51, 'Corbin Ishaki', 'Sociology', 'Chicago', 'Buzzster', 'Not interested', 'Carpool Established', '$1000', '1 year', 'Minimal', 'Independent', 30, 1, 'Loves playing musical instruments and composing music', '9', 7);
insert into Student (StudentID, Name, Major, Location, Company, HousingStatus, CarpoolStatus, Budget, LeaseDuration, Cleanliness, Lifestyle, CommuteTime, CommuteDays, Bio, CommunityID, HousingID) values (52, 'Aurie Wakeman', 'Computer Science', 'Los Angeles', 'Yozio', 'Looking for Roommates', 'Carpool Established', '$1200', '6 months', 'Organized', 'Independent', 25, 4, 'Enjoys photography and capturing beautiful moments', '2', 12);
insert into Student (StudentID, Name, Major, Location, Company, HousingStatus, CarpoolStatus, Budget, LeaseDuration, Cleanliness, Lifestyle, CommuteTime, CommuteDays, Bio, CommunityID, HousingID) values (53, 'Kirstyn Busby', 'Biology', 'San Francisco', 'Fiveclub', 'Looking for Housing', 'Offering Carpool', '$800', '6 months', 'Cluttered', 'Introverted', 25, 7, 'Passionate about cooking and trying new recipes', '7', 44);
insert into Student (StudentID, Name, Major, Location, Company, HousingStatus, CarpoolStatus, Budget, LeaseDuration, Cleanliness, Lifestyle, CommuteTime, CommuteDays, Bio, CommunityID, HousingID) values (54, 'Garreth Dusting', 'Mathematics', 'San Francisco', 'Voonte', 'Not interested', 'Has Car', '$2000', '1 year', 'Cluttered', 'Quiet', 55, 2, 'Passionate about volunteering and giving back to the community', '', 12);
insert into Student (StudentID, Name, Major, Location, Company, HousingStatus, CarpoolStatus, Budget, LeaseDuration, Cleanliness, Lifestyle, CommuteTime, CommuteDays, Bio, CommunityID, HousingID) values (55, 'Kyle Gerardot', 'Chemistry', 'Boston', 'Roomm', 'Not interested', 'Offering Carpool', '$1300', '4 months', 'Cluttered', 'Introverted', 20, 4, 'Loves playing musical instruments and composing music', '2', 42);
insert into Student (StudentID, Name, Major, Location, Company, HousingStatus, CarpoolStatus, Budget, LeaseDuration, Cleanliness, Lifestyle, CommuteTime, CommuteDays, Bio, CommunityID, HousingID) values (56, 'Dannel Reuben', 'Physics', 'D.C.', 'Thoughtblab', 'Looking for Housing', 'Carpool Established', '$1700', '4 months', 'Organized', 'Studious', 45, 2, 'Enjoys painting and expressing creativity through art', '6', 26);
insert into Student (StudentID, Name, Major, Location, Company, HousingStatus, CarpoolStatus, Budget, LeaseDuration, Cleanliness, Lifestyle, CommuteTime, CommuteDays, Bio, CommunityID, HousingID) values (57, 'Ted Yukhnov', 'Chemistry', 'Los Angeles', 'Feedbug', 'Has Housing', 'Carpool Established', '$300', '6 months', 'Spotless', 'Quiet', 15, 7, 'Loves hiking and exploring new trails', '5', 21);
insert into Student (StudentID, Name, Major, Location, Company, HousingStatus, CarpoolStatus, Budget, LeaseDuration, Cleanliness, Lifestyle, CommuteTime, CommuteDays, Bio, CommunityID, HousingID) values (58, 'Ethe Alven', 'Data Science', 'San Jose', 'Edgeify', 'Offering Housing', 'Offering Carpool', '$1100', '4 months', 'Minimal', 'Extroverted', 30, 5, 'Passionate about volunteering and giving back to the community', '2', 7);
insert into Student (StudentID, Name, Major, Location, Company, HousingStatus, CarpoolStatus, Budget, LeaseDuration, Cleanliness, Lifestyle, CommuteTime, CommuteDays, Bio, CommunityID, HousingID) values (59, 'Fernando Mouse', 'Chemistry', 'New York City', 'Voolia', 'Looking for Roommates', 'Carpool Established', '$900', '6 months', 'Messy', 'Active', 30, 3, 'Loves playing musical instruments and composing music', '8', 32);
insert into Student (StudentID, Name, Major, Location, Company, HousingStatus, CarpoolStatus, Budget, LeaseDuration, Cleanliness, Lifestyle, CommuteTime, CommuteDays, Bio, CommunityID, HousingID) values (60, 'Rockie Elner', 'Psychology', 'Los Angeles', 'Yamia', 'Looking for Housing', 'Not interested', '$1400', '1 year', 'Spotless', 'Introverted', 35, 7, 'Loves playing musical instruments and composing music', '3', 29);
insert into Student (StudentID, Name, Major, Location, Company, HousingStatus, CarpoolStatus, Budget, LeaseDuration, Cleanliness, Lifestyle, CommuteTime, CommuteDays, Bio, CommunityID, HousingID) values (61, 'Coretta Scarasbrick', 'Biology', 'Seattle', 'Photojam', 'Not interested', 'Looking for Carpool', '$700', '4 months', 'Minimal', 'Extroverted', 55, 5, 'Adventurous spirit with a love for travel and experiencing new cultures', '1', 25);
insert into Student (StudentID, Name, Major, Location, Company, HousingStatus, CarpoolStatus, Budget, LeaseDuration, Cleanliness, Lifestyle, CommuteTime, CommuteDays, Bio, CommunityID, HousingID) values (62, 'Consolata Danzelman', 'Biology', 'Seattle', 'Youbridge', 'Has Housing', 'Carpool Established', '$700', '6 months', 'Organized', 'Studious', 10, 6, 'Enjoys yoga and meditation for relaxation', '8', 8);
insert into Student (StudentID, Name, Major, Location, Company, HousingStatus, CarpoolStatus, Budget, LeaseDuration, Cleanliness, Lifestyle, CommuteTime, CommuteDays, Bio, CommunityID, HousingID) values (63, 'Charles Server', 'Art', 'Los Angeles', 'Feedbug', 'Looking for Roommates', 'Not interested', '$1700', '6 months', 'Minimal', 'Social', 55, 7, 'Enjoys reading mystery novels and solving puzzles', '3', 13);
insert into Student (StudentID, Name, Major, Location, Company, HousingStatus, CarpoolStatus, Budget, LeaseDuration, Cleanliness, Lifestyle, CommuteTime, CommuteDays, Bio, CommunityID, HousingID) values (64, 'Rosalynd Mowat', 'Computer Science', 'San Jose', 'Eamia', 'Has Housing', 'Offering Carpool', '$700', '1 year', 'Cluttered', 'Introverted', 10, 5, 'Adventurous spirit with a love for travel and experiencing new cultures', '9', 31);
insert into Student (StudentID, Name, Major, Location, Company, HousingStatus, CarpoolStatus, Budget, LeaseDuration, Cleanliness, Lifestyle, CommuteTime, CommuteDays, Bio, CommunityID, HousingID) values (65, 'Janeva Winton', 'Biology', 'Chicago', 'Dynazzy', 'Looking for Housing', 'Offering Carpool', '$300', '4 months', 'Neat', 'Independent', 30, 7, 'Passionate about cooking and trying new recipes', '5', 30);
insert into Student (StudentID, Name, Major, Location, Company, HousingStatus, CarpoolStatus, Budget, LeaseDuration, Cleanliness, Lifestyle, CommuteTime, CommuteDays, Bio, CommunityID, HousingID) values (66, 'Blakeley McFayden', 'Psychology', 'New York City', 'Trunyx', 'Offering Housing', 'Has Car', '$1200', '4 months', 'Neat', 'Active', 20, 7, 'Enjoys photography and capturing beautiful moments', '10', 49);
insert into Student (StudentID, Name, Major, Location, Company, HousingStatus, CarpoolStatus, Budget, LeaseDuration, Cleanliness, Lifestyle, CommuteTime, CommuteDays, Bio, CommunityID, HousingID) values (67, 'Marian Aguirre', 'Computer Science', 'San Francisco', 'Wikibox', 'Offering Housing', 'Carpool Established', '$300', '6 months', 'Messy', 'Extroverted', 10, 6, 'Fascinated by psychology and understanding human behavior', '3', 34);
insert into Student (StudentID, Name, Major, Location, Company, HousingStatus, CarpoolStatus, Budget, LeaseDuration, Cleanliness, Lifestyle, CommuteTime, CommuteDays, Bio, CommunityID, HousingID) values (68, 'Sergei Piper', 'Biology', 'San Francisco', 'Topicshots', 'Not interested', 'Has Car', '$600', '1 year', 'Spotless', 'Social', 40, 7, 'Enjoys watching sports and playing recreational games', '10', 4);
insert into Student (StudentID, Name, Major, Location, Company, HousingStatus, CarpoolStatus, Budget, LeaseDuration, Cleanliness, Lifestyle, CommuteTime, CommuteDays, Bio, CommunityID, HousingID) values (69, 'Dania Roust', 'Computer Science', 'Boston', 'Cogidoo', 'Looking for Roommates', 'Has Car', '$900', '1 year', 'Messy', 'Quiet', 30, 2, 'Passionate about cooking and trying new recipes', '3', 6);
insert into Student (StudentID, Name, Major, Location, Company, HousingStatus, CarpoolStatus, Budget, LeaseDuration, Cleanliness, Lifestyle, CommuteTime, CommuteDays, Bio, CommunityID, HousingID) values (70, 'Joane Bavidge', 'Physics', 'San Francisco', 'Yakidoo', 'Looking for Roommates', 'Offering Carpool', '$1500', '1 year', 'Neat', 'Independent', 55, 7, 'Passionate about fitness and leading a healthy lifestyle', '10', 50);
insert into Student (StudentID, Name, Major, Location, Company, HousingStatus, CarpoolStatus, Budget, LeaseDuration, Cleanliness, Lifestyle, CommuteTime, CommuteDays, Bio, CommunityID, HousingID) values (71, 'Maisie Huyghe', 'Sociology', 'New York City', 'Linkbuzz', 'Has Housing', 'Carpool Established', '$2500', '4 months', 'Messy', 'Active', 55, 4, 'Passionate about environmental conservation and sustainability', '1', 47);
insert into Student (StudentID, Name, Major, Location, Company, HousingStatus, CarpoolStatus, Budget, LeaseDuration, Cleanliness, Lifestyle, CommuteTime, CommuteDays, Bio, CommunityID, HousingID) values (72, 'Ulrich Grolle', 'Computer Science', 'Los Angeles', 'Thoughtbeat', 'Looking for Roommates', 'Carpool Established', '$1700', '4 months', 'Cluttered', 'Social', 10, 4, 'Loves playing musical instruments and composing music', '7', 41);
insert into Student (StudentID, Name, Major, Location, Company, HousingStatus, CarpoolStatus, Budget, LeaseDuration, Cleanliness, Lifestyle, CommuteTime, CommuteDays, Bio, CommunityID, HousingID) values (73, 'Thor Symington', 'Data Science', 'New York City', 'Nlounge', 'Has Housing', 'Carpool Established', '$300', '6 months', 'Minimal', 'Night-Owl', 55, 1, 'Passionate about environmental conservation and sustainability', '4', 10);
insert into Student (StudentID, Name, Major, Location, Company, HousingStatus, CarpoolStatus, Budget, LeaseDuration, Cleanliness, Lifestyle, CommuteTime, CommuteDays, Bio, CommunityID, HousingID) values (74, 'Penelopa Peet', 'Chemistry', 'Seattle', 'Dazzlesphere', 'Looking for Housing', 'Not interested', '$900', '1 year', 'Organized', 'Active', 55, 6, 'Loves playing musical instruments and composing music', '5', 33);
insert into Student (StudentID, Name, Major, Location, Company, HousingStatus, CarpoolStatus, Budget, LeaseDuration, Cleanliness, Lifestyle, CommuteTime, CommuteDays, Bio, CommunityID, HousingID) values (75, 'Sanson Shenley', 'Biology', 'Chicago', 'Myworks', 'Not interested', 'Looking for Carpool', '$300', '6 months', 'Neat', 'Social', 10, 2, 'Enjoys painting and expressing creativity through art', '3', 27);
insert into Student (StudentID, Name, Major, Location, Company, HousingStatus, CarpoolStatus, Budget, LeaseDuration, Cleanliness, Lifestyle, CommuteTime, CommuteDays, Bio, CommunityID, HousingID) values (76, 'Dorian Ingry', 'Mathematics', 'Boston', 'Zoonder', 'Looking for Housing', 'Looking for Carpool', '$1300', '4 months', 'Spotless', 'Night-Owl', 45, 6, 'Loves animals and volunteering at animal shelters', '3', 17);
insert into Student (StudentID, Name, Major, Location, Company, HousingStatus, CarpoolStatus, Budget, LeaseDuration, Cleanliness, Lifestyle, CommuteTime, CommuteDays, Bio, CommunityID, HousingID) values (77, 'Gerri De Ambrosis', 'Computer Science', 'Boston', 'Tagchat', 'Offering Housing', 'Has Car', '$1600', '1 year', 'Organized', 'Social', 40, 6, 'Fascinated by psychology and understanding human behavior', '9', 30);
insert into Student (StudentID, Name, Major, Location, Company, HousingStatus, CarpoolStatus, Budget, LeaseDuration, Cleanliness, Lifestyle, CommuteTime, CommuteDays, Bio, CommunityID, HousingID) values (78, 'Delly Benediktovich', 'Psychology', 'San Francisco', 'Pixonyx', 'Looking for Housing', 'Carpool Established', '$1400', '4 months', 'Neat', 'Extroverted', 30, 6, 'Loves watching documentaries and learning about different topics', '8', 41);
insert into Student (StudentID, Name, Major, Location, Company, HousingStatus, CarpoolStatus, Budget, LeaseDuration, Cleanliness, Lifestyle, CommuteTime, CommuteDays, Bio, CommunityID, HousingID) values (79, 'Maurie Silverman', 'Psychology', 'Chicago', 'Skajo', 'Offering Housing', 'Has Car', '$1300', '1 year', 'Messy', 'Active', 20, 2, 'Enjoys DIY projects and crafting handmade items', '8', 28);
insert into Student (StudentID, Name, Major, Location, Company, HousingStatus, CarpoolStatus, Budget, LeaseDuration, Cleanliness, Lifestyle, CommuteTime, CommuteDays, Bio, CommunityID, HousingID) values (80, 'Yetty Lippo', 'Sociology', 'New York City', 'Oyoyo', 'Not interested', 'Has Car', '$2000', '4 months', 'Organized', 'Night-Owl', 25, 1, 'Enjoys DIY projects and crafting handmade items', '6', 33);
insert into Student (StudentID, Name, Major, Location, Company, HousingStatus, CarpoolStatus, Budget, LeaseDuration, Cleanliness, Lifestyle, CommuteTime, CommuteDays, Bio, CommunityID, HousingID) values (81, 'Fredelia Pinck', 'Mathematics', 'San Francisco', 'Leexo', 'Looking for Housing', 'Has Car', '$1500', '4 months', 'Spotless', 'Introverted', 15, 6, 'Loves hiking and exploring new trails', '10', 30);
insert into Student (StudentID, Name, Major, Location, Company, HousingStatus, CarpoolStatus, Budget, LeaseDuration, Cleanliness, Lifestyle, CommuteTime, CommuteDays, Bio, CommunityID, HousingID) values (82, 'Darius Bessent', 'Psychology', 'Boston', 'Devpoint', 'Not interested', 'Not interested', '$1300', '6 months', 'Cluttered', 'Active', 45, 4, 'Passionate about volunteering and giving back to the community', '3', 31);
insert into Student (StudentID, Name, Major, Location, Company, HousingStatus, CarpoolStatus, Budget, LeaseDuration, Cleanliness, Lifestyle, CommuteTime, CommuteDays, Bio, CommunityID, HousingID) values (83, 'Micheal Goodluck', 'Chemistry', 'Boston', 'Jayo', 'Offering Housing', 'Not interested', '$800', '4 months', 'Minimal', 'Extroverted', 25, 6, 'Passionate about environmental conservation and sustainability', '9', 44);
insert into Student (StudentID, Name, Major, Location, Company, HousingStatus, CarpoolStatus, Budget, LeaseDuration, Cleanliness, Lifestyle, CommuteTime, CommuteDays, Bio, CommunityID, HousingID) values (84, 'Jordan Marcq', 'Chemistry', 'Seattle', 'Tavu', 'Looking for Housing', 'Offering Carpool', '$400', '4 months', 'Cluttered', 'Introverted', 10, 5, 'Fascinated by astronomy and stargazing', '5', 37);
insert into Student (StudentID, Name, Major, Location, Company, HousingStatus, CarpoolStatus, Budget, LeaseDuration, Cleanliness, Lifestyle, CommuteTime, CommuteDays, Bio, CommunityID, HousingID) values (85, 'Sibeal Stockhill', 'Computer Science', 'Boston', 'Mydo', 'Not interested', 'Not interested', '$800', '6 months', 'Neat', 'Quiet', 10, 1, 'Passionate about cooking and trying new recipes', '3', 41);
insert into Student (StudentID, Name, Major, Location, Company, HousingStatus, CarpoolStatus, Budget, LeaseDuration, Cleanliness, Lifestyle, CommuteTime, CommuteDays, Bio, CommunityID, HousingID) values (86, 'Will Guerry', 'Data Science', 'Seattle', 'Quimm', 'Offering Housing', 'Offering Carpool', '$1700', '4 months', 'Organized', 'Introverted', 20, 6, 'Loves animals and volunteering at animal shelters', '3', 23);
insert into Student (StudentID, Name, Major, Location, Company, HousingStatus, CarpoolStatus, Budget, LeaseDuration, Cleanliness, Lifestyle, CommuteTime, CommuteDays, Bio, CommunityID, HousingID) values (87, 'Abbe Macari', 'Data Science', 'Boston', 'Fivespan', 'Has Housing', 'Has Car', '$900', '6 months', 'Organized', 'Studious', 35, 2, 'Fascinated by astronomy and stargazing', '', 35);
insert into Student (StudentID, Name, Major, Location, Company, HousingStatus, CarpoolStatus, Budget, LeaseDuration, Cleanliness, Lifestyle, CommuteTime, CommuteDays, Bio, CommunityID, HousingID) values (88, 'Hayward Kirvell', 'Data Science', 'New York City', 'Twitterlist', 'Not interested', 'Looking for Carpool', '$600', '4 months', 'Cluttered', 'Night-Owl', 35, 5, 'Loves hiking and exploring new trails', '6', 9);
insert into Student (StudentID, Name, Major, Location, Company, HousingStatus, CarpoolStatus, Budget, LeaseDuration, Cleanliness, Lifestyle, CommuteTime, CommuteDays, Bio, CommunityID, HousingID) values (89, 'Hamnet Rosenkrantz', 'Psychology', 'Boston', 'Roombo', 'Not interested', 'Looking for Carpool', '$1100', '4 months', 'Organized', 'Extroverted', 40, 4, 'Enjoys watching sports and playing recreational games', '2', 17);
insert into Student (StudentID, Name, Major, Location, Company, HousingStatus, CarpoolStatus, Budget, LeaseDuration, Cleanliness, Lifestyle, CommuteTime, CommuteDays, Bio, CommunityID, HousingID) values (90, 'Caria Trimming', 'Finance', 'New York City', 'Quamba', 'Offering Housing', 'Not interested', '$1000', '1 year', 'Messy', 'Night-Owl', 50, 1, 'Loves watching documentaries and learning about different topics', '4', 14);
insert into Student (StudentID, Name, Major, Location, Company, HousingStatus, CarpoolStatus, Budget, LeaseDuration, Cleanliness, Lifestyle, CommuteTime, CommuteDays, Bio, CommunityID, HousingID) values (91, 'Eberto Lindbergh', 'Chemistry', 'Chicago', 'Thoughtbridge', 'Has Housing', 'Carpool Established', '$1500', '1 year', 'Cluttered', 'Independent', 55, 2, 'Loves watching documentaries and learning about different topics', '4', 1);
insert into Student (StudentID, Name, Major, Location, Company, HousingStatus, CarpoolStatus, Budget, LeaseDuration, Cleanliness, Lifestyle, CommuteTime, CommuteDays, Bio, CommunityID, HousingID) values (92, 'Romeo Sheahan', 'Psychology', 'San Jose', 'Edgetag', 'Offering Housing', 'Not interested', '$1600', '1 year', 'Cluttered', 'Night-Owl', 20, 1, 'Enjoys DIY projects and crafting handmade items', '6', 24);
insert into Student (StudentID, Name, Major, Location, Company, HousingStatus, CarpoolStatus, Budget, LeaseDuration, Cleanliness, Lifestyle, CommuteTime, CommuteDays, Bio, CommunityID, HousingID) values (93, 'Alli O''Downe', 'Finance', 'Seattle', 'Yombu', 'Looking for Roommates', 'Not interested', '$1700', '1 year', 'Minimal', 'Introverted', 20, 7, 'Passionate about environmental conservation and sustainability', '9', 6);
insert into Student (StudentID, Name, Major, Location, Company, HousingStatus, CarpoolStatus, Budget, LeaseDuration, Cleanliness, Lifestyle, CommuteTime, CommuteDays, Bio, CommunityID, HousingID) values (94, 'Olag Hembling', 'Biology', 'Seattle', 'Riffpath', 'Looking for Roommates', 'Looking for Carpool', '$1500', '6 months', 'Organized', 'Introverted', 55, 7, 'Loves playing musical instruments and composing music', '4', 11);
insert into Student (StudentID, Name, Major, Location, Company, HousingStatus, CarpoolStatus, Budget, LeaseDuration, Cleanliness, Lifestyle, CommuteTime, CommuteDays, Bio, CommunityID, HousingID) values (95, 'Waite Frediani', 'Sociology', 'New York City', 'Devshare', 'Offering Housing', 'Has Car', '$300', '1 year', 'Spotless', 'Extroverted', 40, 7, 'Passionate about volunteering and giving back to the community', '6', 16);
insert into Student (StudentID, Name, Major, Location, Company, HousingStatus, CarpoolStatus, Budget, LeaseDuration, Cleanliness, Lifestyle, CommuteTime, CommuteDays, Bio, CommunityID, HousingID) values (96, 'Cynde Simeoli', 'Data Science', 'San Francisco', 'Youspan', 'Has Housing', 'Looking for Carpool', '$2000', '1 year', 'Messy', 'Active', 10, 2, 'Enjoys yoga and meditation for relaxation', '1', 43);
insert into Student (StudentID, Name, Major, Location, Company, HousingStatus, CarpoolStatus, Budget, LeaseDuration, Cleanliness, Lifestyle, CommuteTime, CommuteDays, Bio, CommunityID, HousingID) values (97, 'Gonzalo Yeowell', 'Sociology', 'Seattle', 'Zoomlounge', 'Offering Housing', 'Looking for Carpool', '$2000', '4 months', 'Minimal', 'Quiet', 10, 6, 'Enjoys watching sports and playing recreational games', '1', 15);
insert into Student (StudentID, Name, Major, Location, Company, HousingStatus, CarpoolStatus, Budget, LeaseDuration, Cleanliness, Lifestyle, CommuteTime, CommuteDays, Bio, CommunityID, HousingID) values (98, 'Darlene Baillie', 'Art', 'San Jose', 'Meembee', 'Not interested', 'Looking for Carpool', '$600', '4 months', 'Spotless', 'Extroverted', 35, 1, 'Passionate about fitness and leading a healthy lifestyle', '2', 25);
insert into Student (StudentID, Name, Major, Location, Company, HousingStatus, CarpoolStatus, Budget, LeaseDuration, Cleanliness, Lifestyle, CommuteTime, CommuteDays, Bio, CommunityID, HousingID) values (99, 'Emmalyn Kneaphsey', 'Art', 'Boston', 'Jayo', 'Offering Housing', 'Looking for Carpool', '$1500', '4 months', 'Organized', 'Night-Owl', 35, 6, 'Enjoys reading mystery novels and solving puzzles', '2', 29);
insert into Student (StudentID, Name, Major, Location, Company, HousingStatus, CarpoolStatus, Budget, LeaseDuration, Cleanliness, Lifestyle, CommuteTime, CommuteDays, Bio, CommunityID, HousingID) values (100, 'Farlay Mathivon', 'Sociology', 'San Jose', 'Eare', 'Not interested', 'Not interested', '$400', '4 months', 'Cluttered', 'Active', 40, 2, 'Loves playing musical instruments and composing music', '4', 1);


