USE SyncSpace;

-- CityCommunity Data
insert into CityCommunity (CommunityID, Location) values (1, 'San Francisco');
insert into CityCommunity (CommunityID, Location) values (2, 'San Jose');
insert into CityCommunity (CommunityID, Location) values (3, 'Los Angeles');
insert into CityCommunity (CommunityID, Location) values (4, 'London');
insert into CityCommunity (CommunityID, Location) values (5, 'Boston');
insert into CityCommunity (CommunityID, Location) values (6, 'New York City');
insert into CityCommunity (CommunityID, Location) values (7, 'Chicago');
insert into CityCommunity (CommunityID, Location) values (8, 'Seattle');
insert into CityCommunity (CommunityID, Location) values (9, 'D.C.');
insert into CityCommunity (CommunityID, Location) values (10, 'Atlanta');


-- Housing Data
insert into Housing (HousingID, Availability, Style, Location) values (1, 'Vacant', 'Dormitory', 'San Francisco');
insert into Housing (HousingID, Availability, Style, Location) values (2, 'Occupied', 'Apartment', 'San Jose');
insert into Housing (HousingID, Availability, Style, Location) values (3, 'Pending approval', 'Fraternity/Sorority House', 'Los Angeles');
insert into Housing (HousingID, Availability, Style, Location) values (4, 'Vacant', 'Off-Campus House', 'London');
insert into Housing (HousingID, Availability, Style, Location) values (5, 'Occupied', 'Townhouse', 'Boston');
insert into Housing (HousingID, Availability, Style, Location) values (6, 'Pending approval', 'Co-op Housing', 'New York City');
insert into Housing (HousingID, Availability, Style, Location) values (7, 'Vacant', 'Tiny House', 'Chicago');
insert into Housing (HousingID, Availability, Style, Location) values (8, 'Occupied', 'Loft', 'Seattle');
insert into Housing (HousingID, Availability, Style, Location) values (9, 'Pending approval', 'Studio Apartment', 'D.C.');
insert into Housing (HousingID, Availability, Style, Location) values (10, 'Vacant', 'Shared Room', 'San Francisco');
insert into Housing (HousingID, Availability, Style, Location) values (11, 'Occupied', 'Dormitory', 'San Jose');
insert into Housing (HousingID, Availability, Style, Location) values (12, 'Pending approval', 'Apartment', 'Los Angeles');
insert into Housing (HousingID, Availability, Style, Location) values (13, 'Vacant', 'Fraternity/Sorority House', 'London');
insert into Housing (HousingID, Availability, Style, Location) values (14, 'Occupied', 'Off-Campus House', 'Boston');
insert into Housing (HousingID, Availability, Style, Location) values (15, 'Pending approval', 'Townhouse', 'New York City');
insert into Housing (HousingID, Availability, Style, Location) values (16, 'Vacant', 'Co-op Housing', 'Chicago');
insert into Housing (HousingID, Availability, Style, Location) values (17, 'Occupied', 'Tiny House', 'Seattle');
insert into Housing (HousingID, Availability, Style, Location) values (18, 'Pending approval', 'Loft', 'D.C.');
insert into Housing (HousingID, Availability, Style, Location) values (19, 'Vacant', 'Studio Apartment', 'San Francisco');
insert into Housing (HousingID, Availability, Style, Location) values (20, 'Occupied', 'Shared Room', 'San Jose');
insert into Housing (HousingID, Availability, Style, Location) values (21, 'Pending approval', 'Dormitory', 'Los Angeles');
insert into Housing (HousingID, Availability, Style, Location) values (22, 'Vacant', 'Apartment', 'London');
insert into Housing (HousingID, Availability, Style, Location) values (23, 'Occupied', 'Fraternity/Sorority House', 'Boston');
insert into Housing (HousingID, Availability, Style, Location) values (24, 'Pending approval', 'Off-Campus House', 'New York City');
insert into Housing (HousingID, Availability, Style, Location) values (25, 'Vacant', 'Townhouse', 'Chicago');
insert into Housing (HousingID, Availability, Style, Location) values (26, 'Occupied', 'Co-op Housing', 'Seattle');
insert into Housing (HousingID, Availability, Style, Location) values (27, 'Pending approval', 'Tiny House', 'D.C.');
insert into Housing (HousingID, Availability, Style, Location) values (28, 'Vacant', 'Loft', 'San Francisco');
insert into Housing (HousingID, Availability, Style, Location) values (29, 'Occupied', 'Studio Apartment', 'San Jose');
insert into Housing (HousingID, Availability, Style, Location) values (30, 'Pending approval', 'Shared Room', 'Los Angeles');
insert into Housing (HousingID, Availability, Style, Location) values (31, 'Vacant', 'Dormitory', 'London');
insert into Housing (HousingID, Availability, Style, Location) values (32, 'Occupied', 'Apartment', 'Boston');
insert into Housing (HousingID, Availability, Style, Location) values (33, 'Pending approval', 'Fraternity/Sorority House', 'New York City');
insert into Housing (HousingID, Availability, Style, Location) values (34, 'Vacant', 'Off-Campus House', 'Chicago');
insert into Housing (HousingID, Availability, Style, Location) values (35, 'Occupied', 'Townhouse', 'Seattle');
insert into Housing (HousingID, Availability, Style, Location) values (36, 'Pending approval', 'Co-op Housing', 'D.C.');
insert into Housing (HousingID, Availability, Style, Location) values (37, 'Vacant', 'Tiny House', 'San Francisco');
insert into Housing (HousingID, Availability, Style, Location) values (38, 'Occupied', 'Loft', 'San Jose');
insert into Housing (HousingID, Availability, Style, Location) values (39, 'Pending approval', 'Studio Apartment', 'Los Angeles');
insert into Housing (HousingID, Availability, Style, Location) values (40, 'Vacant', 'Shared Room', 'London');
insert into Housing (HousingID, Availability, Style, Location) values (41, 'Occupied', 'Dormitory', 'Boston');
insert into Housing (HousingID, Availability, Style, Location) values (42, 'Pending approval', 'Apartment', 'New York City');
insert into Housing (HousingID, Availability, Style, Location) values (43, 'Vacant', 'Fraternity/Sorority House', 'Chicago');
insert into Housing (HousingID, Availability, Style, Location) values (44, 'Occupied', 'Off-Campus House', 'Seattle');
insert into Housing (HousingID, Availability, Style, Location) values (45, 'Pending approval', 'Townhouse', 'D.C.');
insert into Housing (HousingID, Availability, Style, Location) values (46, 'Vacant', 'Co-op Housing', 'San Francisco');
insert into Housing (HousingID, Availability, Style, Location) values (47, 'Occupied', 'Tiny House', 'San Jose');
insert into Housing (HousingID, Availability, Style, Location) values (48, 'Pending approval', 'Loft', 'Los Angeles');
insert into Housing (HousingID, Availability, Style, Location) values (49, 'Vacant', 'Studio Apartment', 'London');
insert into Housing (HousingID, Availability, Style, Location) values (50, 'Occupied', 'Shared Room', 'Boston');

-- User data
insert into User (UserID, Name, Email, Role, PermissionsLevel) values (1, 'Michael Ortega', 'miortega@wikispaces.com', 'System Administrator', 'admin');
insert into User (UserID, Name, Email, Role, PermissionsLevel) values (2, 'Mira Lynock', 'mlynock1@webnode.com', 'IT Administrator', 'admin');
insert into User (UserID, Name, Email, Role, PermissionsLevel) values (3, 'Caro Molnar', 'cmolnar2@digg.com', 'IT Administrator', 'limited');
insert into User (UserID, Name, Email, Role, PermissionsLevel) values (4, 'Christos Boulsher', 'cboulsher3@admin.ch', 'System Administrator', 'guest');
insert into User (UserID, Name, Email, Role, PermissionsLevel) values (5, 'Jess Leneve', 'jleneve4@archive.org', 'IT Administrator', 'user');
insert into User (UserID, Name, Email, Role, PermissionsLevel) values (6, 'Jordan Harfoot', 'jharfoot5@1688.com', 'IT Administrator', 'admin');
insert into User (UserID, Name, Email, Role, PermissionsLevel) values (7, 'Yorke Leyzell', 'yleyzell6@cmu.edu', 'Network Administrator', 'guest');
insert into User (UserID, Name, Email, Role, PermissionsLevel) values (8, 'Sigrid Kigelman', 'skigelman7@washington.edu', 'System Administrator', 'user');
insert into User (UserID, Name, Email, Role, PermissionsLevel) values (9, 'Feodora Blackaller', 'fblackaller8@usnews.com', 'Network Administrator', 'user');
insert into User (UserID, Name, Email, Role, PermissionsLevel) values (10, 'Ambrose Jeandon', 'ajeandon9@unicef.org', 'Network Administrator', 'guest');
insert into User (UserID, Name, Email, Role, PermissionsLevel) values (11, 'Spence Chastey', 'schasteya@china.com.cn', 'System Administrator', 'admin');
insert into User (UserID, Name, Email, Role, PermissionsLevel) values (12, 'Eartha Colqueran', 'ecolqueranb@apple.com', 'System Administrator', 'admin');
insert into User (UserID, Name, Email, Role, PermissionsLevel) values (13, 'Kinna Woolsey', 'kwoolseyc@homestead.com', 'IT Administrator', 'moderator');
insert into User (UserID, Name, Email, Role, PermissionsLevel) values (14, 'Nathan Tolworthie', 'ntolworthied@spotify.com', 'System Administrator', 'admin');
insert into User (UserID, Name, Email, Role, PermissionsLevel) values (15, 'Diane Cancellieri', 'dcancellierie@qq.com', 'Network Administrator', 'limited');
insert into User (UserID, Name, Email, Role, PermissionsLevel) values (16, 'Horatio Purdon', 'hpurdonf@histats.com', 'IT Administrator', 'guest');
insert into User (UserID, Name, Email, Role, PermissionsLevel) values (17, 'Elvin Danes', 'edanesg@japanpost.jp', 'Network Administrator', 'moderator');
insert into User (UserID, Name, Email, Role, PermissionsLevel) values (18, 'Dori Callow', 'dcallowh@mac.com', 'IT Administrator', 'user');
insert into User (UserID, Name, Email, Role, PermissionsLevel) values (19, 'Ediva Malter', 'emalteri@craigslist.org', 'IT Administrator', 'admin');
insert into User (UserID, Name, Email, Role, PermissionsLevel) values (20, 'Lyn Paskerful', 'lpaskerfulj@yellowpages.com', 'System Administrator', 'admin');
insert into User (UserID, Name, Email, Role, PermissionsLevel) values (21, 'Arleta Clayden', 'aclaydenk@discovery.com', 'System Administrator', 'guest');
insert into User (UserID, Name, Email, Role, PermissionsLevel) values (22, 'Marietta Ropars', 'mroparsl@purevolume.com', 'Network Administrator', 'moderator');
insert into User (UserID, Name, Email, Role, PermissionsLevel) values (23, 'Brade O''Rodane', 'borodanem@sohu.com', 'Network Administrator', 'admin');
insert into User (UserID, Name, Email, Role, PermissionsLevel) values (24, 'Cammy Crichmere', 'ccrichmeren@mediafire.com', 'Network Administrator', 'user');
insert into User (UserID, Name, Email, Role, PermissionsLevel) values (25, 'Elwira Szymanzyk', 'eszymanzyko@noaa.gov', 'System Administrator', 'limited');
insert into User (UserID, Name, Email, Role, PermissionsLevel) values (26, 'Lorenzo Duerdin', 'lduerdinp@java.com', 'System Administrator', 'moderator');
insert into User (UserID, Name, Email, Role, PermissionsLevel) values (27, 'Austin Latchmore', 'alatchmoreq@pen.io', 'IT Administrator', 'user');
insert into User (UserID, Name, Email, Role, PermissionsLevel) values (28, 'Park Brettell', 'pbrettellr@reddit.com', 'Network Administrator', 'guest');
insert into User (UserID, Name, Email, Role, PermissionsLevel) values (29, 'Bess MacMichael', 'bmacmichaels@spotify.com', 'System Administrator', 'user');
insert into User (UserID, Name, Email, Role, PermissionsLevel) values (30, 'Pedro Gatherer', 'pgatherert@vkontakte.ru', 'IT Administrator', 'user');

-- Ticket
insert into Ticket (TicketID, UserID, IssueType, Status, Priority, ReceivedDate, ResolvedDate) values (1, 1, 'search function not working', 'completed', 'Medium', '2024-04-05', '2024-02-04');
insert into Ticket (TicketID, UserID, IssueType, Status, Priority, ReceivedDate, ResolvedDate) values (2, 2, 'payment processing error', 'completed', 'Medium', '2024-10-02', '2024-05-15');
insert into Ticket (TicketID, UserID, IssueType, Status, Priority, ReceivedDate, ResolvedDate) values (3, 3, 'video playback issue', 'cancelled', 'Low', '2024-05-21', '2024-06-08');
insert into Ticket (TicketID, UserID, IssueType, Status, Priority, ReceivedDate, ResolvedDate) values (4, 4, 'page not loading', 'cancelled', 'High', '2024-05-30', '2024-03-22');
insert into Ticket (TicketID, UserID, IssueType, Status, Priority, ReceivedDate, ResolvedDate) values (5, 5, 'broken link', 'cancelled', 'High', '2023-12-26', '2024-11-23');
insert into Ticket (TicketID, UserID, IssueType, Status, Priority, ReceivedDate, ResolvedDate) values (6, 6, 'payment processing error', 'pending', 'High', '2024-02-12', '2024-01-19');
insert into Ticket (TicketID, UserID, IssueType, Status, Priority, ReceivedDate, ResolvedDate) values (7, 7, 'missing images', 'pending', 'Low', '2024-07-18', '2024-06-13');
insert into Ticket (TicketID, UserID, IssueType, Status, Priority, ReceivedDate, ResolvedDate) values (8, 8, 'incorrect password', 'pending', 'Medium', '2024-07-29', '2024-01-02');
insert into Ticket (TicketID, UserID, IssueType, Status, Priority, ReceivedDate, ResolvedDate) values (9, 9, 'login error', 'completed', 'Medium', '2024-02-22', '2024-09-28');
insert into Ticket (TicketID, UserID, IssueType, Status, Priority, ReceivedDate, ResolvedDate) values (10, 10, 'page not loading', 'pending', 'High', '2024-07-24', '2024-05-24');
insert into Ticket (TicketID, UserID, IssueType, Status, Priority, ReceivedDate, ResolvedDate) values (11, 11, 'search function not working', 'pending', 'High', '2024-01-25', '2024-07-07');
insert into Ticket (TicketID, UserID, IssueType, Status, Priority, ReceivedDate, ResolvedDate) values (12, 12, 'payment processing error', 'cancelled', 'Low', '2024-05-25', '2024-05-22');
insert into Ticket (TicketID, UserID, IssueType, Status, Priority, ReceivedDate, ResolvedDate) values (13, 13, 'formatting problem', 'pending', 'Low', '2024-01-12', '2024-09-08');
insert into Ticket (TicketID, UserID, IssueType, Status, Priority, ReceivedDate, ResolvedDate) values (14, 14, 'missing images', 'cancelled', 'Low', '2024-01-12', '2024-01-18');
insert into Ticket (TicketID, UserID, IssueType, Status, Priority, ReceivedDate, ResolvedDate) values (15, 15, 'search function not working', 'cancelled', 'Medium', '2024-01-03', '2024-05-23');
insert into Ticket (TicketID, UserID, IssueType, Status, Priority, ReceivedDate, ResolvedDate) values (16, 16, 'slow performance', 'completed', 'Low', '2024-02-16', '2024-09-30');
insert into Ticket (TicketID, UserID, IssueType, Status, Priority, ReceivedDate, ResolvedDate) values (17, 17, 'slow performance', 'pending', 'High', '2024-03-27', '2024-07-02');
insert into Ticket (TicketID, UserID, IssueType, Status, Priority, ReceivedDate, ResolvedDate) values (18, 18, 'payment processing error', 'pending', 'Medium', '2024-08-14', '2024-10-16');
insert into Ticket (TicketID, UserID, IssueType, Status, Priority, ReceivedDate, ResolvedDate) values (19, 19, 'payment processing error', 'pending', 'Medium', '2024-08-20', '2024-10-06');
insert into Ticket (TicketID, UserID, IssueType, Status, Priority, ReceivedDate, ResolvedDate) values (20, 20, 'missing images', 'pending', 'High', '2024-08-12', '2024-11-14');
insert into Ticket (TicketID, UserID, IssueType, Status, Priority, ReceivedDate, ResolvedDate) values (21, 21, 'broken link', 'pending', 'Medium', '2024-01-15', '2024-04-20');
insert into Ticket (TicketID, UserID, IssueType, Status, Priority, ReceivedDate, ResolvedDate) values (22, 22, 'payment processing error', 'pending', 'Low', '2023-12-09', '2024-01-23');
insert into Ticket (TicketID, UserID, IssueType, Status, Priority, ReceivedDate, ResolvedDate) values (23, 23, 'search function not working', 'completed', 'Medium', '2024-02-05', '2024-02-18');
insert into Ticket (TicketID, UserID, IssueType, Status, Priority, ReceivedDate, ResolvedDate) values (24, 24, 'formatting problem', 'completed', 'Low', '2024-04-06', '2024-08-09');
insert into Ticket (TicketID, UserID, IssueType, Status, Priority, ReceivedDate, ResolvedDate) values (25, 25, 'video playback issue', 'pending', 'High', '2024-08-22', '2024-08-19');
insert into Ticket (TicketID, UserID, IssueType, Status, Priority, ReceivedDate, ResolvedDate) values (26, 26, 'search function not working', 'pending', 'Medium', '2024-07-19', '2024-09-25');
insert into Ticket (TicketID, UserID, IssueType, Status, Priority, ReceivedDate, ResolvedDate) values (27, 27, 'broken link', 'cancelled', 'High', '2024-05-20', '2024-01-22');
insert into Ticket (TicketID, UserID, IssueType, Status, Priority, ReceivedDate, ResolvedDate) values (28, 28, 'broken link', 'cancelled', 'High', '2024-07-23', '2023-12-03');
insert into Ticket (TicketID, UserID, IssueType, Status, Priority, ReceivedDate, ResolvedDate) values (29, 29, 'broken link', 'pending', 'Low', '2024-10-16', '2024-07-15');
insert into Ticket (TicketID, UserID, IssueType, Status, Priority, ReceivedDate, ResolvedDate) values (30, 30, 'login error', 'completed', 'Low', '2024-07-08', '2024-03-14');
insert into Ticket (TicketID, UserID, IssueType, Status, Priority, ReceivedDate, ResolvedDate) values (31, 31, 'formatting problem', 'cancelled', 'High', '2024-11-02', '2024-02-13');
insert into Ticket (TicketID, UserID, IssueType, Status, Priority, ReceivedDate, ResolvedDate) values (32, 32, 'incorrect password', 'cancelled', 'Medium', '2024-05-02', '2024-01-02');
insert into Ticket (TicketID, UserID, IssueType, Status, Priority, ReceivedDate, ResolvedDate) values (33, 33, 'missing images', 'completed', 'Low', '2024-03-28', '2024-03-10');
insert into Ticket (TicketID, UserID, IssueType, Status, Priority, ReceivedDate, ResolvedDate) values (34, 34, 'slow performance', 'completed', 'High', '2024-07-04', '2024-03-22');
insert into Ticket (TicketID, UserID, IssueType, Status, Priority, ReceivedDate, ResolvedDate) values (35, 35, 'formatting problem', 'completed', 'Medium', '2024-03-20', '2024-06-02');

-- Student data
insert into Student (Name, Major, Company, Location, HousingStatus, CarpoolStatus, Budget, LeaseDuration, Cleanliness, Lifestyle, CommuteTime, CommuteDays, Biography, CommunityID, AdvisorID, Reminder) values ('Hodge Zelake', 'Business', 'Colgate-Palmolive', 'New York City', 'Searching for Roommates', 'Has Car', 1900, '4 months', 1, 'Cozy', 15, 5, 'Dedicated to learning about traditional crafts and artisanal techniques', 7, 7, 4);
insert into Student (Name, Major, Company, Location, HousingStatus, CarpoolStatus, Budget, LeaseDuration, Cleanliness, Lifestyle, CommuteTime, CommuteDays, Biography, CommunityID, AdvisorID, Reminder) values ('Melly Azema', 'Finance', 'BP', 'D.C.', 'Searching for Housing', 'Search Complete', 2100, '6 months', 1, 'Eco-friendly', 20, 4, 'Thrilled by attending music festivals and discovering new bands', 10, 7, 5);
insert into Student (Name, Major, Company, Location, HousingStatus, CarpoolStatus, Budget, LeaseDuration, Cleanliness, Lifestyle, CommuteTime, CommuteDays, Biography, CommunityID, AdvisorID, Reminder) values ('Pietro Mundford', 'Engineering', 'Lowe’s', 'Los Angeles', 'Searching for Housing', 'Has Car', 1200, '6 months', 4, 'Cozy', 10, 2, 'Passionate about writing poetry and expressing emotions through words', 2, 9, 4);
insert into Student (Name, Major, Company, Location, HousingStatus, CarpoolStatus, Budget, LeaseDuration, Cleanliness, Lifestyle, CommuteTime, CommuteDays, Biography, CommunityID, AdvisorID, Reminder) values ('Lyndell Veare', 'Engineering', 'Coca-Cola', 'Seattle', 'Searching for Roommates', 'Searching for Carpool', 2100, '1 year', 1, 'Energetic', 50, 1, 'Devoted to studying ancient mythology and folklore', 6, 2, 1);
insert into Student (Name, Major, Company, Location, HousingStatus, CarpoolStatus, Budget, LeaseDuration, Cleanliness, Lifestyle, CommuteTime, CommuteDays, Biography, CommunityID, AdvisorID, Reminder) values ('Malinda Lawland', 'Data Engineering', 'Johnson & Johnson', 'Boston', 'Search Complete', 'Search Complete', 2400, '6 months', 1, 'Vibrant', 30, 2, 'Obsessed with urban exploration and discovering hidden gems in cities', 3, 7, 2);
insert into Student (Name, Major, Company, Location, HousingStatus, CarpoolStatus, Budget, LeaseDuration, Cleanliness, Lifestyle, CommuteTime, CommuteDays, Biography, CommunityID, AdvisorID, Reminder) values ('Ellette Atteridge', 'Engineering', 'Costco', 'Chicago', 'Searching for Roommates', 'Searching for Carpool', 2100, '4 months', 4, 'Outgoing', 40, 2, 'Fascinated by the world of virtual reality and immersive experiences', 2, 7, 3);
insert into Student (Name, Major, Company, Location, HousingStatus, CarpoolStatus, Budget, LeaseDuration, Cleanliness, Lifestyle, CommuteTime, CommuteDays, Biography, CommunityID, AdvisorID, Reminder) values ('Eran Sailor', 'Engineering', 'Home Depot', 'Seattle', 'Searching for Housing', 'Searching for Carpool', 1500, '6 months', 1, 'Minimalist', 45, 5, 'Passionate about writing poetry and expressing emotions through words', 6, 1, 5);
insert into Student (Name, Major, Company, Location, HousingStatus, CarpoolStatus, Budget, LeaseDuration, Cleanliness, Lifestyle, CommuteTime, CommuteDays, Biography, CommunityID, AdvisorID, Reminder) values ('Sonja McGorley', 'Data Engineering', 'Intel', 'Seattle', 'Searching for Roommates', 'Search Complete', 2000, '1 year', 2, 'Social', 20, 4, 'Thrilled by attending music festivals and discovering new bands', 1, 2, 2);
insert into Student (Name, Major, Company, Location, HousingStatus, CarpoolStatus, Budget, LeaseDuration, Cleanliness, Lifestyle, CommuteTime, CommuteDays, Biography, CommunityID, AdvisorID, Reminder) values ('Alexa Beahan', 'Finance', 'Bank of America', 'D.C.', 'Searching for Housing', 'Search Complete', 1500, '4 months', 1, 'Healthy', 25, 3, 'Obsessed with urban exploration and discovering hidden gems in cities', 2, 2, 2);
insert into Student (Name, Major, Company, Location, HousingStatus, CarpoolStatus, Budget, LeaseDuration, Cleanliness, Lifestyle, CommuteTime, CommuteDays, Biography, CommunityID, AdvisorID, Reminder) values ('Bob Ashe', 'Marketing', 'Hyundai', 'Boston', 'Searching for Roommates', 'Searching for Carpool', 1300, '6 months', 5, 'Relaxed', 35, 3, 'Fascinated by the art of tea ceremonies and traditional rituals', 10, 5, 2);
insert into Student (Name, Major, Company, Location, HousingStatus, CarpoolStatus, Budget, LeaseDuration, Cleanliness, Lifestyle, CommuteTime, CommuteDays, Biography, CommunityID, AdvisorID, Reminder) values ('Moria Scottrell', 'Finance', 'Mercedes-Benz', 'San Francisco', 'Searching for Roommates', 'Searching for Carpool', 1300, '4 months', 3, 'Cozy', 70, 2, 'Passionate about painting and creating art', 3, 6, 3);
insert into Student (Name, Major, Company, Location, HousingStatus, CarpoolStatus, Budget, LeaseDuration, Cleanliness, Lifestyle, CommuteTime, CommuteDays, Biography, CommunityID, AdvisorID, Reminder) values ('Ediva Glenny', 'Data Science', 'Johnson & Johnson', 'D.C.', 'Searching for Roommates', 'Searching for Carpool', 1400, '6 months', 4, 'Nomadic', 50, 5, 'Thrilled by attending music festivals and discovering new bands', 5, 2, 3);
insert into Student (Name, Major, Company, Location, HousingStatus, CarpoolStatus, Budget, LeaseDuration, Cleanliness, Lifestyle, CommuteTime, CommuteDays, Biography, CommunityID, AdvisorID, Reminder) values ('Flory Boggon', 'Marketing', 'ExxonMobil', 'London', 'Searching for Roommates', 'Has Car', 1600, '4 months', 2, 'Eco-friendly', 70, 4, 'Dedicated to practicing yoga and meditation for inner peace', 6, 5, 4);
insert into Student (Name, Major, Company, Location, HousingStatus, CarpoolStatus, Budget, LeaseDuration, Cleanliness, Lifestyle, CommuteTime, CommuteDays, Biography, CommunityID, AdvisorID, Reminder) values ('Dorelle Luke', 'Data Engineering', 'Roche', 'D.C.', 'Searching for Roommates', 'Search Complete', 1900, '4 months', 1, 'Carefree', 50, 2, 'Devoted to volunteering at animal shelters', 2, 8, 5);
insert into Student (Name, Major, Company, Location, HousingStatus, CarpoolStatus, Budget, LeaseDuration, Cleanliness, Lifestyle, CommuteTime, CommuteDays, Biography, CommunityID, AdvisorID, Reminder) values ('Moore MacTeggart', 'Finance', 'Costco', 'London', 'Searching for Roommates', 'Has Car', 1700, '6 months', 3, 'Relaxed', 20, 4, 'Obsessed with interior design and decorating living spaces', 3, 2, 1);
insert into Student (Name, Major, Company, Location, HousingStatus, CarpoolStatus, Budget, LeaseDuration, Cleanliness, Lifestyle, CommuteTime, CommuteDays, Biography, CommunityID, AdvisorID, Reminder) values ('Chancey Wixey', 'Biology', 'Moderna', 'Atlanta', 'Search Complete', 'Search Complete', 1200, '1 year', 5, 'Outgoing', 70, 3, 'Dedicated to wildlife conservation and protecting endangered species', 10, 8, 5);
insert into Student (Name, Major, Company, Location, HousingStatus, CarpoolStatus, Budget, LeaseDuration, Cleanliness, Lifestyle, CommuteTime, CommuteDays, Biography, CommunityID, AdvisorID, Reminder) values ('Carole Wisbey', 'Art', 'Siemens Energy', 'London', 'Search Complete', 'Searching for Carpool', 2300, '4 months', 2, 'Cozy', 30, 6, 'Enjoys participating in outdoor activities like camping and hiking', 1, 7, 5);
insert into Student (Name, Major, Company, Location, HousingStatus, CarpoolStatus, Budget, LeaseDuration, Cleanliness, Lifestyle, CommuteTime, CommuteDays, Biography, CommunityID, AdvisorID, Reminder) values ('Bordie Buyers', 'Public Health', 'Chevron', 'New York City', 'Search Complete', 'Searching for Carpool', 1400, '6 months', 3, 'Nomadic', 60, 1, 'Thrilled by attending music festivals and discovering new bands', 5, 8, 4);
insert into Student (Name, Major, Company, Location, HousingStatus, CarpoolStatus, Budget, LeaseDuration, Cleanliness, Lifestyle, CommuteTime, CommuteDays, Biography, CommunityID, AdvisorID, Reminder) values ('Lisa Oxteby', 'Chemistry', 'Intel', 'Atlanta', 'Searching for Housing', 'Has Car', 2000, '4 months', 5, 'Social', 10, 5, 'Addicted to attending film festivals and discovering independent cinema', 2, 9, 5);
insert into Student (Name, Major, Company, Location, HousingStatus, CarpoolStatus, Budget, LeaseDuration, Cleanliness, Lifestyle, CommuteTime, CommuteDays, Biography, CommunityID, AdvisorID, Reminder) values ('Noland Buckney', 'Public Health', 'Citigroup', 'San Francisco', 'Searching for Housing', 'Searching for Carpool', 2200, '1 year', 1, 'Relaxed', 25, 5, 'Enjoys playing musical instruments and composing music', 5, 10, 2);
insert into Student (Name, Major, Company, Location, HousingStatus, CarpoolStatus, Budget, LeaseDuration, Cleanliness, Lifestyle, CommuteTime, CommuteDays, Biography, CommunityID, AdvisorID, Reminder) values ('Katina Fuxman', 'Chemistry', 'Boeing', 'Boston', 'Searching for Roommates', 'Search Complete', 1300, '6 months', 2, 'Active', 60, 4, 'Obsessed with urban exploration and discovering hidden gems in cities', 4, 4, 5);
insert into Student (Name, Major, Company, Location, HousingStatus, CarpoolStatus, Budget, LeaseDuration, Cleanliness, Lifestyle, CommuteTime, CommuteDays, Biography, CommunityID, AdvisorID, Reminder) values ('Gar Frift', 'Public Health', 'Coca-Cola', 'London', 'Searching for Roommates', 'Has Car', 1500, '1 year', 4, 'Nomadic', 30, 2, 'Thrilled by extreme weather phenomena and storm chasing', 7, 9, 5);
insert into Student (Name, Major, Company, Location, HousingStatus, CarpoolStatus, Budget, LeaseDuration, Cleanliness, Lifestyle, CommuteTime, CommuteDays, Biography, CommunityID, AdvisorID, Reminder) values ('Sharon Thomen', 'Public Health', 'General Motors', 'San Jose', 'Search Complete', 'Searching for Carpool', 1500, '4 months', 4, 'Holistic', 25, 5, 'Devoted to learning about different types of cuisine and cooking techniques', 6, 6, 1);
insert into Student (Name, Major, Company, Location, HousingStatus, CarpoolStatus, Budget, LeaseDuration, Cleanliness, Lifestyle, CommuteTime, CommuteDays, Biography, CommunityID, AdvisorID, Reminder) values ('Janenna Favelle', 'History', 'ExxonMobil', 'Los Angeles', 'Searching for Roommates', 'Searching for Carpool', 1600, '4 months', 2, 'Vibrant', 50, 5, 'Obsessed with DIY projects and home improvement', 7, 6, 5);
insert into Student (Name, Major, Company, Location, HousingStatus, CarpoolStatus, Budget, LeaseDuration, Cleanliness, Lifestyle, CommuteTime, CommuteDays, Biography, CommunityID, AdvisorID, Reminder) values ('Glory Klimko', 'Computer Science', 'Procter & Gamble', 'San Francisco', 'Searching for Roommates', 'Search Complete', 1300, '1 year', 1, 'Balanced', 50, 4, 'Enjoys practicing mindfulness and meditation for mental clarity', 9, 9, 4);
insert into Student (Name, Major, Company, Location, HousingStatus, CarpoolStatus, Budget, LeaseDuration, Cleanliness, Lifestyle, CommuteTime, CommuteDays, Biography, CommunityID, AdvisorID, Reminder) values ('Heda Muckleston', 'Public Health', 'Siemens Energy', 'Chicago', 'Searching for Housing', 'Search Complete', 1500, '6 months', 4, 'Vibrant', 50, 2, 'Addicted to attending film festivals and discovering independent cinema', 7, 8, 1);
insert into Student (Name, Major, Company, Location, HousingStatus, CarpoolStatus, Budget, LeaseDuration, Cleanliness, Lifestyle, CommuteTime, CommuteDays, Biography, CommunityID, AdvisorID, Reminder) values ('Bryn Littledyke', 'Finance', 'Morgan Stanley', 'New York City', 'Search Complete', 'Searching for Carpool', 2100, '1 year', 2, 'Active', 70, 2, 'Devoted to volunteering at animal shelters', 9, 5, 2);
insert into Student (Name, Major, Company, Location, HousingStatus, CarpoolStatus, Budget, LeaseDuration, Cleanliness, Lifestyle, CommuteTime, CommuteDays, Biography, CommunityID, AdvisorID, Reminder) values ('Augusta Dyerson', 'Data Engineering', 'BP', 'D.C.', 'Searching for Housing', 'Searching for Carpool', 1400, '4 months', 5, 'Minimalist', 10, 1, 'Devoted to volunteering at animal shelters', 4, 3, 2);
insert into Student (Name, Major, Company, Location, HousingStatus, CarpoolStatus, Budget, LeaseDuration, Cleanliness, Lifestyle, CommuteTime, CommuteDays, Biography, CommunityID, AdvisorID, Reminder) values ('Gardener Khidr', 'Art', 'Best Buy', 'Seattle', 'Searching for Roommates', 'Searching for Carpool', 2100, '4 months', 5, 'Vibrant', 10, 3, 'Obsessed with collecting rare vinyl records and building a music collection', 3, 4, 5);
insert into Student (Name, Major, Company, Location, HousingStatus, CarpoolStatus, Budget, LeaseDuration, Cleanliness, Lifestyle, CommuteTime, CommuteDays, Biography, CommunityID, AdvisorID, Reminder) values ('Gail Brende', 'Chemistry', 'General Motors', 'Boston', 'Searching for Housing', 'Has Car', 1700, '4 months', 4, 'Outgoing', 40, 6, 'Enjoys attending theater performances and musicals', 6, 5, 3);
insert into Student (Name, Major, Company, Location, HousingStatus, CarpoolStatus, Budget, LeaseDuration, Cleanliness, Lifestyle, CommuteTime, CommuteDays, Biography, CommunityID, AdvisorID, Reminder) values ('Ardeen Forder', 'Chemistry', 'Walmart', 'Chicago', 'Searching for Housing', 'Has Car', 1900, '1 year', 3, 'Vibrant', 20, 2, 'Thrilled by attending comic conventions and cosplay events', 3, 6, 1);
insert into Student (Name, Major, Company, Location, HousingStatus, CarpoolStatus, Budget, LeaseDuration, Cleanliness, Lifestyle, CommuteTime, CommuteDays, Biography, CommunityID, AdvisorID, Reminder) values ('Darb Borgnol', 'History', 'Intel', 'Los Angeles', 'Searching for Housing', 'Searching for Carpool', 1100, '4 months', 5, 'Social', 45, 4, 'Passionate about photography and capturing beautiful moments', 2, 5, 2);
insert into Student (Name, Major, Company, Location, HousingStatus, CarpoolStatus, Budget, LeaseDuration, Cleanliness, Lifestyle, CommuteTime, CommuteDays, Biography, CommunityID, AdvisorID, Reminder) values ('Sadye Ashbrook', 'Computer Science', 'Johnson & Johnson', 'San Jose', 'Searching for Roommates', 'Has Car', 1500, '4 months', 1, 'Outgoing', 10, 4, 'Passionate about cooking and trying new recipes', 4, 5, 3);
insert into Student (Name, Major, Company, Location, HousingStatus, CarpoolStatus, Budget, LeaseDuration, Cleanliness, Lifestyle, CommuteTime, CommuteDays, Biography, CommunityID, AdvisorID, Reminder) values ('Verena Fost', 'Data Engineering', 'PepsiCo', 'D.C.', 'Search Complete', 'Has Car', 1100, '6 months', 2, 'Outgoing', 45, 3, 'Devoted to watching and analyzing classic movies', 7, 9, 1);
insert into Student (Name, Major, Company, Location, HousingStatus, CarpoolStatus, Budget, LeaseDuration, Cleanliness, Lifestyle, CommuteTime, CommuteDays, Biography, CommunityID, AdvisorID, Reminder) values ('Matilda Giovannini', 'Computer Science', 'Walt Disney Company', 'Los Angeles', 'Searching for Roommates', 'Searching for Carpool', 2000, '4 months', 2, 'Outgoing', 50, 2, 'Passionate about exploring abandoned buildings and urban decay', 3, 5, 5);
insert into Student (Name, Major, Company, Location, HousingStatus, CarpoolStatus, Budget, LeaseDuration, Cleanliness, Lifestyle, CommuteTime, CommuteDays, Biography, CommunityID, AdvisorID, Reminder) values ('Standford Bertolaccini', 'Finance', 'Honda', 'Los Angeles', 'Searching for Roommates', 'Searching for Carpool', 1600, '4 months', 2, 'Carefree', 35, 1, 'Devoted to studying ancient mythology and folklore', 3, 9, 2);
insert into Student (Name, Major, Company, Location, HousingStatus, CarpoolStatus, Budget, LeaseDuration, Cleanliness, Lifestyle, CommuteTime, CommuteDays, Biography, CommunityID, AdvisorID, Reminder) values ('Dianne Orae', 'Data Science', 'Bank of America', 'Los Angeles', 'Search Complete', 'Search Complete', 1300, '1 year', 2, 'Social', 30, 1, 'Addicted to reading mystery novels and solving puzzles', 9, 1, 1);
insert into Student (Name, Major, Company, Location, HousingStatus, CarpoolStatus, Budget, LeaseDuration, Cleanliness, Lifestyle, CommuteTime, CommuteDays, Biography, CommunityID, AdvisorID, Reminder) values ('Nadya Wellesley', 'History', 'Netflix', 'Seattle', 'Search Complete', 'Has Car', 1600, '4 months', 5, 'Healthy', 70, 2, 'Devoted to studying psychology and understanding human behavior', 10, 3, 4);
insert into Student (Name, Major, Company, Location, HousingStatus, CarpoolStatus, Budget, LeaseDuration, Cleanliness, Lifestyle, CommuteTime, CommuteDays, Biography, CommunityID, AdvisorID, Reminder) values ('Darcie Weems', 'Data Science', 'Moderna', 'Los Angeles', 'Search Complete', 'Searching for Carpool', 2300, '6 months', 4, 'Nomadic', 10, 1, 'Fascinated by the world of virtual reality and immersive experiences', 4, 10, 1);
insert into Student (Name, Major, Company, Location, HousingStatus, CarpoolStatus, Budget, LeaseDuration, Cleanliness, Lifestyle, CommuteTime, CommuteDays, Biography, CommunityID, AdvisorID, Reminder) values ('Vinnie Tresvina', 'Chemistry', 'Google (Alphabet Inc.)', 'Boston', 'Search Complete', 'Search Complete', 1900, '1 year', 4, 'Outgoing', 20, 3, 'Dedicated to learning about traditional crafts and artisanal techniques', 5, 9, 4);
insert into Student (Name, Major, Company, Location, HousingStatus, CarpoolStatus, Budget, LeaseDuration, Cleanliness, Lifestyle, CommuteTime, CommuteDays, Biography, CommunityID, AdvisorID, Reminder) values ('Elvira Westhoff', 'Marketing', 'Johnson & Johnson', 'San Jose', 'Searching for Roommates', 'Has Car', 1700, '4 months', 2, 'Cozy', 50, 2, 'Thrilled by extreme weather phenomena and storm chasing', 4, 9, 5);
insert into Student (Name, Major, Company, Location, HousingStatus, CarpoolStatus, Budget, LeaseDuration, Cleanliness, Lifestyle, CommuteTime, CommuteDays, Biography, CommunityID, AdvisorID, Reminder) values ('Fletch Hicken', 'Biology', 'Toyota', 'Seattle', 'Searching for Roommates', 'Has Car', 1500, '4 months', 5, 'Vibrant', 60, 1, 'Fascinated by astronomy and stargazing', 6, 2, 2);
insert into Student (Name, Major, Company, Location, HousingStatus, CarpoolStatus, Budget, LeaseDuration, Cleanliness, Lifestyle, CommuteTime, CommuteDays, Biography, CommunityID, AdvisorID, Reminder) values ('Beatriz Braksper', 'Engineering', 'Hyundai', 'Los Angeles', 'Searching for Housing', 'Search Complete', 1300, '6 months', 2, 'Holistic', 50, 3, 'Devoted to learning about different types of cuisine and cooking techniques', 8, 1, 5);
insert into Student (Name, Major, Company, Location, HousingStatus, CarpoolStatus, Budget, LeaseDuration, Cleanliness, Lifestyle, CommuteTime, CommuteDays, Biography, CommunityID, AdvisorID, Reminder) values ('Ronda Ten Broek', 'Business', 'Coca-Cola', 'San Jose', 'Search Complete', 'Searching for Carpool', 1300, '4 months', 5, 'Social', 40, 3, 'Thrilled by extreme sports like snowboarding and mountain biking', 5, 10, 3);
insert into Student (Name, Major, Company, Location, HousingStatus, CarpoolStatus, Budget, LeaseDuration, Cleanliness, Lifestyle, CommuteTime, CommuteDays, Biography, CommunityID, AdvisorID, Reminder) values ('Fabien Arger', 'Art', 'Roche', 'Chicago', 'Searching for Roommates', 'Has Car', 1800, '1 year', 5, 'Energetic', 30, 3, 'Thrilled by extreme sports like skydiving and bungee jumping', 5, 1, 3);
insert into Student (Name, Major, Company, Location, HousingStatus, CarpoolStatus, Budget, LeaseDuration, Cleanliness, Lifestyle, CommuteTime, CommuteDays, Biography, CommunityID, AdvisorID, Reminder) values ('Stormie Beadel', 'Computer Science', 'Lowe’s', 'Los Angeles', 'Search Complete', 'Searching for Carpool', 1600, '6 months', 3, 'Balanced', 15, 3, 'Passionate about collecting rare books and first editions', 3, 3, 5);
insert into Student (Name, Major, Company, Location, HousingStatus, CarpoolStatus, Budget, LeaseDuration, Cleanliness, Lifestyle, CommuteTime, CommuteDays, Biography, CommunityID, AdvisorID, Reminder) values ('Carolina Goldbourn', 'Data Science', 'Intel', 'London', 'Searching for Housing', 'Searching for Carpool', 2400, '4 months', 2, 'Active', 15, 3, 'Enjoys attending theater performances and musicals', 5, 5, 1);
insert into Student (Name, Major, Company, Location, HousingStatus, CarpoolStatus, Budget, LeaseDuration, Cleanliness, Lifestyle, CommuteTime, CommuteDays, Biography, CommunityID, AdvisorID, Reminder) values ('Isac Veart', 'Data Engineering', 'Northrop Grumman', 'D.C.', 'Search Complete', 'Search Complete', 2100, '4 months', 4, 'Cozy', 25, 5, 'Fascinated by the world of competitive gaming and esports tournaments', 4, 8, 2);
insert into Student (Name, Major, Company, Location, HousingStatus, CarpoolStatus, Budget, LeaseDuration, Cleanliness, Lifestyle, CommuteTime, CommuteDays, Biography, CommunityID, AdvisorID, Reminder) values ('Bayard Quidenham', 'Art', 'PepsiCo', 'D.C.', 'Searching for Housing', 'Searching for Carpool', 1100, '4 months', 5, 'Vibrant', 60, 4, 'Passionate about sustainable fashion and ethical clothing brands', 4, 4, 5);
insert into Student (Name, Major, Company, Location, HousingStatus, CarpoolStatus, Budget, LeaseDuration, Cleanliness, Lifestyle, CommuteTime, CommuteDays, Biography, CommunityID, AdvisorID, Reminder) values ('Herbie Rain', 'Finance', 'Citigroup', 'San Francisco', 'Searching for Roommates', 'Search Complete', 2000, '6 months', 2, 'Carefree', 70, 3, 'Enjoys gardening and growing own fruits and vegetables', 6, 6, 2);
insert into Student (Name, Major, Company, Location, HousingStatus, CarpoolStatus, Budget, LeaseDuration, Cleanliness, Lifestyle, CommuteTime, CommuteDays, Biography, CommunityID, AdvisorID, Reminder) values ('Lula Fulstow', 'Chemistry', 'Citigroup', 'Chicago', 'Searching for Roommates', 'Search Complete', 1300, '1 year', 1, 'Carefree', 30, 1, 'Addicted to exploring abandoned places and urban exploration', 7, 3, 2);
insert into Student (Name, Major, Company, Location, HousingStatus, CarpoolStatus, Budget, LeaseDuration, Cleanliness, Lifestyle, CommuteTime, CommuteDays, Biography, CommunityID, AdvisorID, Reminder) values ('Mildred Sandwich', 'Computer Science', 'Wells Fargo', 'Chicago', 'Search Complete', 'Has Car', 1400, '1 year', 1, 'Social', 45, 3, 'Intrigued by the world of professional gaming and esports competitions', 9, 10, 5);
insert into Student (Name, Major, Company, Location, HousingStatus, CarpoolStatus, Budget, LeaseDuration, Cleanliness, Lifestyle, CommuteTime, CommuteDays, Biography, CommunityID, AdvisorID, Reminder) values ('Marcello Barlass', 'Computer Science', 'Mercedes-Benz', 'San Jose', 'Searching for Housing', 'Has Car', 1400, '1 year', 1, 'Healthy', 30, 5, 'Intrigued by the art of bonsai cultivation and creating miniature landscapes', 8, 9, 5);
insert into Student (Name, Major, Company, Location, HousingStatus, CarpoolStatus, Budget, LeaseDuration, Cleanliness, Lifestyle, CommuteTime, CommuteDays, Biography, CommunityID, AdvisorID, Reminder) values ('Raye McGuff', 'History', 'Siemens Energy', 'Seattle', 'Search Complete', 'Searching for Carpool', 1900, '1 year', 3, 'Outgoing', 45, 1, 'Enjoys practicing mindfulness and meditation for mental clarity', 2, 3, 5);
insert into Student (Name, Major, Company, Location, HousingStatus, CarpoolStatus, Budget, LeaseDuration, Cleanliness, Lifestyle, CommuteTime, CommuteDays, Biography, CommunityID, AdvisorID, Reminder) values ('Alida Hallad', 'Chemistry', 'Honda', 'San Francisco', 'Searching for Housing', 'Has Car', 2200, '4 months', 3, 'Minimalist', 45, 2, 'Fascinated by marine biology and scuba diving', 2, 2, 4);
insert into Student (Name, Major, Company, Location, HousingStatus, CarpoolStatus, Budget, LeaseDuration, Cleanliness, Lifestyle, CommuteTime, CommuteDays, Biography, CommunityID, AdvisorID, Reminder) values ('Cati Girauld', 'Engineering', 'Boeing', 'Los Angeles', 'Searching for Roommates', 'Search Complete', 1200, '1 year', 5, 'Eco-friendly', 60, 5, 'Addicted to vintage shopping and finding unique retro treasures', 5, 5, 3);
insert into Student (Name, Major, Company, Location, HousingStatus, CarpoolStatus, Budget, LeaseDuration, Cleanliness, Lifestyle, CommuteTime, CommuteDays, Biography, CommunityID, AdvisorID, Reminder) values ('Forrester Keller', 'Marketing', 'Chevron', 'San Jose', 'Search Complete', 'Searching for Carpool', 1400, '6 months', 5, 'Eco-friendly', 30, 2, 'Dedicated to studying ancient civilizations and archaeological discoveries', 10, 8, 2);
insert into Student (Name, Major, Company, Location, HousingStatus, CarpoolStatus, Budget, LeaseDuration, Cleanliness, Lifestyle, CommuteTime, CommuteDays, Biography, CommunityID, AdvisorID, Reminder) values ('Smitty Emmitt', 'Data Engineering', 'Morgan Stanley', 'London', 'Searching for Housing', 'Searching for Carpool', 2200, '4 months', 4, 'Relaxed', 45, 5, 'Passionate about attending art exhibitions and supporting local artists', 1, 8, 2);
insert into Student (Name, Major, Company, Location, HousingStatus, CarpoolStatus, Budget, LeaseDuration, Cleanliness, Lifestyle, CommuteTime, CommuteDays, Biography, CommunityID, AdvisorID, Reminder) values ('Neddie Castagne', 'Data Engineering', 'Goldman Sachs', 'London', 'Searching for Housing', 'Has Car', 1700, '6 months', 4, 'Nomadic', 20, 6, 'Intrigued by the art of mixology and creating signature cocktails', 10, 7, 5);
insert into Student (Name, Major, Company, Location, HousingStatus, CarpoolStatus, Budget, LeaseDuration, Cleanliness, Lifestyle, CommuteTime, CommuteDays, Biography, CommunityID, AdvisorID, Reminder) values ('Fiann Gavan', 'Chemistry', 'Novartis', 'San Francisco', 'Searching for Roommates', 'Has Car', 2300, '6 months', 5, 'Vibrant', 20, 3, 'Devoted to volunteering at animal shelters', 2, 9, 5);
insert into Student (Name, Major, Company, Location, HousingStatus, CarpoolStatus, Budget, LeaseDuration, Cleanliness, Lifestyle, CommuteTime, CommuteDays, Biography, CommunityID, AdvisorID, Reminder) values ('Roxi Beefon', 'Computer Science', 'Citigroup', 'New York City', 'Searching for Roommates', 'Has Car', 2400, '6 months', 2, 'Eco-friendly', 25, 3, 'Enjoys participating in outdoor activities like camping and hiking', 3, 10, 3);
insert into Student (Name, Major, Company, Location, HousingStatus, CarpoolStatus, Budget, LeaseDuration, Cleanliness, Lifestyle, CommuteTime, CommuteDays, Biography, CommunityID, AdvisorID, Reminder) values ('Brandi Mickleborough', 'Engineering', 'Best Buy', 'Los Angeles', 'Search Complete', 'Searching for Carpool', 2100, '4 months', 1, 'Minimalist', 70, 3, 'Passionate about cooking and trying new recipes', 8, 6, 4);
insert into Student (Name, Major, Company, Location, HousingStatus, CarpoolStatus, Budget, LeaseDuration, Cleanliness, Lifestyle, CommuteTime, CommuteDays, Biography, CommunityID, AdvisorID, Reminder) values ('Nappie Yerrill', 'Marketing', 'Walmart', 'New York City', 'Searching for Roommates', 'Has Car', 2000, '6 months', 1, 'Outgoing', 70, 4, 'Enjoys playing musical instruments and composing music', 7, 2, 5);
insert into Student (Name, Major, Company, Location, HousingStatus, CarpoolStatus, Budget, LeaseDuration, Cleanliness, Lifestyle, CommuteTime, CommuteDays, Biography, CommunityID, AdvisorID, Reminder) values ('Pavlov Flag', 'Data Science', 'Amazon', 'Seattle', 'Search Complete', 'Searching for Carpool', 1200, '6 months', 2, 'Energetic', 70, 5, 'Intrigued by the art of mixology and creating signature cocktails', 6, 8, 3);
insert into Student (Name, Major, Company, Location, HousingStatus, CarpoolStatus, Budget, LeaseDuration, Cleanliness, Lifestyle, CommuteTime, CommuteDays, Biography, CommunityID, AdvisorID, Reminder) values ('Yolande Tale', 'Finance', 'Siemens Energy', 'Seattle', 'Search Complete', 'Search Complete', 2200, '4 months', 1, 'Social', 10, 6, 'Dedicated to studying ancient civilizations and archaeological discoveries', 7, 8, 3);
insert into Student (Name, Major, Company, Location, HousingStatus, CarpoolStatus, Budget, LeaseDuration, Cleanliness, Lifestyle, CommuteTime, CommuteDays, Biography, CommunityID, AdvisorID, Reminder) values ('Rubetta Neale', 'Public Health', 'Lowe’s', 'Atlanta', 'Searching for Housing', 'Searching for Carpool', 1400, '6 months', 5, 'Balanced', 15, 2, 'Fascinated by the world of virtual reality and immersive experiences', 6, 9, 3);
insert into Student (Name, Major, Company, Location, HousingStatus, CarpoolStatus, Budget, LeaseDuration, Cleanliness, Lifestyle, CommuteTime, CommuteDays, Biography, CommunityID, AdvisorID, Reminder) values ('Amara McGerr', 'Marketing', 'PepsiCo', 'New York City', 'Searching for Roommates', 'Search Complete', 2000, '6 months', 3, 'Balanced', 15, 4, 'Thrilled by attending comic conventions and cosplay events', 2, 10, 5);
insert into Student (Name, Major, Company, Location, HousingStatus, CarpoolStatus, Budget, LeaseDuration, Cleanliness, Lifestyle, CommuteTime, CommuteDays, Biography, CommunityID, AdvisorID, Reminder) values ('Maxie Cowely', 'Finance', 'Moderna', 'Atlanta', 'Searching for Housing', 'Search Complete', 2200, '1 year', 2, 'Energetic', 50, 3, 'Devoted to studying philosophy and exploring existential questions', 1, 8, 3);
insert into Student (Name, Major, Company, Location, HousingStatus, CarpoolStatus, Budget, LeaseDuration, Cleanliness, Lifestyle, CommuteTime, CommuteDays, Biography, CommunityID, AdvisorID, Reminder) values ('Gabby Dearl', 'Biology', 'Lockheed Martin', 'D.C.', 'Searching for Roommates', 'Searching for Carpool', 2300, '6 months', 5, 'Minimalist', 10, 1, 'Addicted to attending film festivals and discovering independent cinema', 6, 6, 1);
insert into Student (Name, Major, Company, Location, HousingStatus, CarpoolStatus, Budget, LeaseDuration, Cleanliness, Lifestyle, CommuteTime, CommuteDays, Biography, CommunityID, AdvisorID, Reminder) values ('Heddi Barstock', 'Engineering', 'Morgan Stanley', 'Boston', 'Searching for Roommates', 'Has Car', 1100, '1 year', 1, 'Vibrant', 30, 1, 'Passionate about writing poetry and expressing emotions through words', 2, 5, 1);
insert into Student (Name, Major, Company, Location, HousingStatus, CarpoolStatus, Budget, LeaseDuration, Cleanliness, Lifestyle, CommuteTime, CommuteDays, Biography, CommunityID, AdvisorID, Reminder) values ('Seth Moukes', 'Data Engineering', 'JPMorgan Chase', 'Boston', 'Searching for Roommates', 'Search Complete', 1500, '6 months', 4, 'Balanced', 40, 1, 'Fascinated by astronomy and stargazing', 3, 7, 1);
insert into Student (Name, Major, Company, Location, HousingStatus, CarpoolStatus, Budget, LeaseDuration, Cleanliness, Lifestyle, CommuteTime, CommuteDays, Biography, CommunityID, AdvisorID, Reminder) values ('Lydon Soldi', 'Business', 'Siemens Energy', 'Boston', 'Searching for Housing', 'Search Complete', 2400, '1 year', 2, 'Balanced', 35, 4, 'Loves hiking and exploring nature trails', 1, 6, 4);
insert into Student (Name, Major, Company, Location, HousingStatus, CarpoolStatus, Budget, LeaseDuration, Cleanliness, Lifestyle, CommuteTime, CommuteDays, Biography, CommunityID, AdvisorID, Reminder) values ('Rufus Chiplin', 'Biology', 'Chevron', 'Los Angeles', 'Searching for Housing', 'Searching for Carpool', 2400, '6 months', 4, 'Vibrant', 70, 6, 'Thrilled by extreme sports like snowboarding and mountain biking', 4, 8, 5);
insert into Student (Name, Major, Company, Location, HousingStatus, CarpoolStatus, Budget, LeaseDuration, Cleanliness, Lifestyle, CommuteTime, CommuteDays, Biography, CommunityID, AdvisorID, Reminder) values ('Zelda Hengoed', 'Finance', 'Pfizer', 'Chicago', 'Searching for Roommates', 'Search Complete', 2400, '6 months', 4, 'Relaxed', 35, 3, 'Thrilled by attending comic conventions and cosplay events', 2, 8, 1);
insert into Student (Name, Major, Company, Location, HousingStatus, CarpoolStatus, Budget, LeaseDuration, Cleanliness, Lifestyle, CommuteTime, CommuteDays, Biography, CommunityID, AdvisorID, Reminder) values ('Alissa Shurey', 'Finance', 'Lockheed Martin', 'San Francisco', 'Searching for Roommates', 'Searching for Carpool', 1400, '4 months', 3, 'Minimalist', 25, 4, 'Dedicated to learning about sustainable agriculture and organic farming', 4, 5, 5);
insert into Student (Name, Major, Company, Location, HousingStatus, CarpoolStatus, Budget, LeaseDuration, Cleanliness, Lifestyle, CommuteTime, CommuteDays, Biography, CommunityID, AdvisorID, Reminder) values ('Brod Skamell', 'Computer Science', 'Meta (Facebook)', 'Chicago', 'Search Complete', 'Searching for Carpool', 1500, '1 year', 1, 'Healthy', 40, 5, 'Enjoys playing musical instruments and composing music', 7, 3, 2);
insert into Student (Name, Major, Company, Location, HousingStatus, CarpoolStatus, Budget, LeaseDuration, Cleanliness, Lifestyle, CommuteTime, CommuteDays, Biography, CommunityID, AdvisorID, Reminder) values ('Melisenda Skehan', 'Data Engineering', 'Wells Fargo', 'London', 'Searching for Roommates', 'Search Complete', 2100, '6 months', 4, 'Nomadic', 20, 4, 'Passionate about attending art exhibitions and supporting local artists', 7, 2, 2);
insert into Student (Name, Major, Company, Location, HousingStatus, CarpoolStatus, Budget, LeaseDuration, Cleanliness, Lifestyle, CommuteTime, CommuteDays, Biography, CommunityID, AdvisorID, Reminder) values ('Ravi Kilgrove', 'Art', 'Hyundai', 'Chicago', 'Searching for Housing', 'Searching for Carpool', 1600, '4 months', 1, 'Sustainable', 40, 1, 'Intrigued by the art of storytelling and creating compelling narratives', 6, 2, 5);
insert into Student (Name, Major, Company, Location, HousingStatus, CarpoolStatus, Budget, LeaseDuration, Cleanliness, Lifestyle, CommuteTime, CommuteDays, Biography, CommunityID, AdvisorID, Reminder) values ('Dav Birtwhistle', 'Art', 'Boeing', 'Atlanta', 'Searching for Roommates', 'Search Complete', 1500, '6 months', 1, 'Balanced', 30, 6, 'Dedicated to learning martial arts and self-defense techniques', 2, 1, 1);
insert into Student (Name, Major, Company, Location, HousingStatus, CarpoolStatus, Budget, LeaseDuration, Cleanliness, Lifestyle, CommuteTime, CommuteDays, Biography, CommunityID, AdvisorID, Reminder) values ('Ambur Harmour', 'Finance', 'Honda', 'San Jose', 'Search Complete', 'Has Car', 2000, '6 months', 3, 'Cozy', 10, 3, 'Intrigued by the art of storytelling and creating compelling narratives', 10, 5, 2);
insert into Student (Name, Major, Company, Location, HousingStatus, CarpoolStatus, Budget, LeaseDuration, Cleanliness, Lifestyle, CommuteTime, CommuteDays, Biography, CommunityID, AdvisorID, Reminder) values ('Cyndy Eckersall', 'Marketing', 'Northrop Grumman', 'London', 'Searching for Housing', 'Has Car', 2400, '1 year', 2, 'Holistic', 15, 6, 'Obsessed with collecting rare vinyl records and building a music collection', 10, 8, 3);
insert into Student (Name, Major, Company, Location, HousingStatus, CarpoolStatus, Budget, LeaseDuration, Cleanliness, Lifestyle, CommuteTime, CommuteDays, Biography, CommunityID, AdvisorID, Reminder) values ('Lia Veillard', 'Finance', 'NBCUniversal', 'Chicago', 'Search Complete', 'Has Car', 2400, '1 year', 4, 'Minimalist', 50, 5, 'Passionate about attending art exhibitions and supporting local artists', 10, 9, 1);
insert into Student (Name, Major, Company, Location, HousingStatus, CarpoolStatus, Budget, LeaseDuration, Cleanliness, Lifestyle, CommuteTime, CommuteDays, Biography, CommunityID, AdvisorID, Reminder) values ('Gustave Toffoloni', 'Data Engineering', 'Best Buy', 'Seattle', 'Search Complete', 'Searching for Carpool', 1200, '4 months', 3, 'Minimalist', 20, 2, 'Passionate about painting and creating art', 6, 5, 4);
insert into Student (Name, Major, Company, Location, HousingStatus, CarpoolStatus, Budget, LeaseDuration, Cleanliness, Lifestyle, CommuteTime, CommuteDays, Biography, CommunityID, AdvisorID, Reminder) values ('Stace Semble', 'Biology', 'Citigroup', 'San Francisco', 'Searching for Housing', 'Searching for Carpool', 1900, '6 months', 4, 'Cozy', 60, 6, 'Fascinated by the world of magic and illusion', 9, 1, 1);
insert into Student (Name, Major, Company, Location, HousingStatus, CarpoolStatus, Budget, LeaseDuration, Cleanliness, Lifestyle, CommuteTime, CommuteDays, Biography, CommunityID, AdvisorID, Reminder) values ('April Djurevic', 'Data Engineering', 'BP', 'Chicago', 'Searching for Roommates', 'Searching for Carpool', 2100, '6 months', 1, 'Relaxed', 60, 3, 'Devoted to studying ancient mythology and folklore', 2, 6, 5);
insert into Student (Name, Major, Company, Location, HousingStatus, CarpoolStatus, Budget, LeaseDuration, Cleanliness, Lifestyle, CommuteTime, CommuteDays, Biography, CommunityID, AdvisorID, Reminder) values ('Kora Parradye', 'History', 'Northrop Grumman', 'Atlanta', 'Search Complete', 'Searching for Carpool', 1100, '1 year', 4, 'Active', 30, 3, 'Addicted to attending science fiction conventions and meeting favorite authors', 8, 2, 2);
insert into Student (Name, Major, Company, Location, HousingStatus, CarpoolStatus, Budget, LeaseDuration, Cleanliness, Lifestyle, CommuteTime, CommuteDays, Biography, CommunityID, AdvisorID, Reminder) values ('Bridget Dartnell', 'Computer Science', 'General Motors', 'Los Angeles', 'Searching for Roommates', 'Has Car', 1900, '4 months', 1, 'Energetic', 40, 2, 'Obsessed with urban exploration and discovering hidden gems in cities', 7, 8, 1);
insert into Student (Name, Major, Company, Location, HousingStatus, CarpoolStatus, Budget, LeaseDuration, Cleanliness, Lifestyle, CommuteTime, CommuteDays, Biography, CommunityID, AdvisorID, Reminder) values ('Phelia Nother', 'Finance', 'Johnson & Johnson', 'London', 'Searching for Roommates', 'Search Complete', 1500, '6 months', 4, 'Energetic', 25, 4, 'Addicted to attending film festivals and discovering independent cinema', 8, 7, 4);
insert into Student (Name, Major, Company, Location, HousingStatus, CarpoolStatus, Budget, LeaseDuration, Cleanliness, Lifestyle, CommuteTime, CommuteDays, Biography, CommunityID, AdvisorID, Reminder) values ('Camila Gronauer', 'Finance', 'Tesla', 'Seattle', 'Searching for Roommates', 'Searching for Carpool', 2400, '4 months', 4, 'Healthy', 35, 1, 'Obsessed with collecting rare vinyl records and building a music collection', 10, 4, 5);
insert into Student (Name, Major, Company, Location, HousingStatus, CarpoolStatus, Budget, LeaseDuration, Cleanliness, Lifestyle, CommuteTime, CommuteDays, Biography, CommunityID, AdvisorID, Reminder) values ('Teador Capron', 'History', 'Unilever', 'Atlanta', 'Search Complete', 'Has Car', 2200, '6 months', 5, 'Relaxed', 60, 5, 'Devoted to studying psychology and understanding human behavior', 10, 9, 3);
insert into Student (Name, Major, Company, Location, HousingStatus, CarpoolStatus, Budget, LeaseDuration, Cleanliness, Lifestyle, CommuteTime, CommuteDays, Biography, CommunityID, AdvisorID, Reminder) values ('Husein Despenser', 'Data Science', 'Meta (Facebook)', 'Atlanta', 'Searching for Roommates', 'Has Car', 1200, '1 year', 4, 'Relaxed', 45, 3, 'Fascinated by the art of tea ceremonies and traditional rituals', 3, 6, 1);
insert into Student (Name, Major, Company, Location, HousingStatus, CarpoolStatus, Budget, LeaseDuration, Cleanliness, Lifestyle, CommuteTime, CommuteDays, Biography, CommunityID, AdvisorID, Reminder) values ('Carmen Rollett', 'History', 'Ford', 'London', 'Searching for Roommates', 'Search Complete', 1400, '1 year', 1, 'Nomadic', 20, 3, 'Dedicated to learning about sustainable agriculture and organic farming', 2, 2, 3);
insert into Student (Name, Major, Company, Location, HousingStatus, CarpoolStatus, Budget, LeaseDuration, Cleanliness, Lifestyle, CommuteTime, CommuteDays, Biography, CommunityID, AdvisorID, Reminder) values ('Nana Richings', 'Data Science', 'Pfizer', 'Boston', 'Searching for Housing', 'Search Complete', 1000, '4 months', 1, 'Eco-friendly', 40, 1, 'Addicted to collecting rare coins and currency from around the world', 1, 7, 2);
insert into Student (Name, Major, Company, Location, HousingStatus, CarpoolStatus, Budget, LeaseDuration, Cleanliness, Lifestyle, CommuteTime, CommuteDays, Biography, CommunityID, AdvisorID, Reminder) values ('Rafaelita Hodge', 'Public Health', 'Costco', 'San Jose', 'Search Complete', 'Has Car', 1900, '6 months', 4, 'Relaxed', 70, 5, 'Passionate about exploring abandoned buildings and urban decay', 3, 7, 1);
insert into Student (Name, Major, Company, Location, HousingStatus, CarpoolStatus, Budget, LeaseDuration, Cleanliness, Lifestyle, CommuteTime, CommuteDays, Biography, CommunityID, AdvisorID, Reminder) values ('Alfonse Tuttle', 'Finance', 'Boeing', 'D.C.', 'Searching for Roommates', 'Searching for Carpool', 1500, '1 year', 3, 'Social', 50, 2, 'Fascinated by the world of virtual reality and immersive experiences', 2, 8, 2);
insert into Student (Name, Major, Company, Location, HousingStatus, CarpoolStatus, Budget, LeaseDuration, Cleanliness, Lifestyle, CommuteTime, CommuteDays, Biography, CommunityID, AdvisorID, Reminder) values ('Fran Cuss', 'Data Science', 'Meta (Facebook)', 'San Jose', 'Searching for Housing', 'Searching for Carpool', 1300, '1 year', 4, 'Nomadic', 20, 4, 'Passionate about attending art exhibitions and supporting local artists', 9, 5, 5);
insert into Student (Name, Major, Company, Location, HousingStatus, CarpoolStatus, Budget, LeaseDuration, Cleanliness, Lifestyle, CommuteTime, CommuteDays, Biography, CommunityID, AdvisorID, Reminder) values ('Alvy Garley', 'Public Health', 'Honda', 'New York City', 'Search Complete', 'Searching for Carpool', 1100, '4 months', 2, 'Social', 60, 3, 'Passionate about collecting rare books and first editions', 6, 5, 2);
insert into Student (Name, Major, Company, Location, HousingStatus, CarpoolStatus, Budget, LeaseDuration, Cleanliness, Lifestyle, CommuteTime, CommuteDays, Biography, CommunityID, AdvisorID, Reminder) values ('Marcela Rutherfoord', 'History', 'Pfizer', 'Chicago', 'Searching for Roommates', 'Searching for Carpool', 2200, '6 months', 4, 'Sustainable', 15, 3, 'Devoted to studying philosophy and exploring existential questions', 8, 6, 3);
insert into Student (Name, Major, Company, Location, HousingStatus, CarpoolStatus, Budget, LeaseDuration, Cleanliness, Lifestyle, CommuteTime, CommuteDays, Biography, CommunityID, AdvisorID, Reminder) values ('Marji Towell', 'Art', 'Johnson & Johnson', 'Seattle', 'Searching for Housing', 'Search Complete', 1900, '4 months', 4, 'Balanced', 35, 5, 'Fascinated by astronomy and stargazing', 1, 1, 3);
insert into Student (Name, Major, Company, Location, HousingStatus, CarpoolStatus, Budget, LeaseDuration, Cleanliness, Lifestyle, CommuteTime, CommuteDays, Biography, CommunityID, AdvisorID, Reminder) values ('Jillie Leivesley', 'Data Engineering', 'Best Buy', 'Boston', 'Search Complete', 'Has Car', 2200, '4 months', 4, 'Active', 40, 4, 'Devoted to learning about different types of cuisine and cooking techniques', 6, 7, 3);

-- Events
insert into Events (EventID, CommunityID, Date, Name, Description) values (1, 10, '2024-04-21', 'Tech Talk Thursdays', 'Meet and greet with industry professionals');
insert into Events (EventID, CommunityID, Date, Name, Description) values (2, 1, '2024-06-01', 'Networking Mixer Mondays', 'Interactive workshops on networking skills');
insert into Events (EventID, CommunityID, Date, Name, Description) values (3, 4, '2024-09-25', 'Career Development Workshop', 'Panel discussion on career opportunities in tech');
insert into Events (EventID, CommunityID, Date, Name, Description) values (4, 5, '2024-05-21', 'Industry Panel Discussions', 'Speed networking session with recruiters');
insert into Events (EventID, CommunityID, Date, Name, Description) values (5, 6, '2024-02-24', 'Resume Building Bootcamp', 'Virtual networking happy hour');
insert into Events (EventID, CommunityID, Date, Name, Description) values (6, 1, '2024-02-25', 'LinkedIn Profile Optimization', 'Mock interview practice with HR professionals');
insert into Events (EventID, CommunityID, Date, Name, Description) values (7, 9, '2024-06-07', 'Mock Interview Practice', 'Resume review session with career coaches');
insert into Events (EventID, CommunityID, Date, Name, Description) values (8, 2, '2024-01-11', 'Job Search Strategies', 'Networking bingo game with prizes');
insert into Events (EventID, CommunityID, Date, Name, Description) values (9, 6, '2024-08-12', 'Personal Branding Workshop', 'LinkedIn profile optimization workshop');
insert into Events (EventID, CommunityID, Date, Name, Description) values (10, 2, '2024-02-19', 'Internship Opportunities Panel', 'Networking scavenger hunt');
insert into Events (EventID, CommunityID, Date, Name, Description) values (11, 2, '2023-12-24', 'Alumni Networking Happy Hour', 'Group networking activities and icebreakers');
insert into Events (EventID, CommunityID, Date, Name, Description) values (12, 6, '2024-05-26', 'Diversity in Tech Panel', 'Networking lunch with keynote speaker');
insert into Events (EventID, CommunityID, Date, Name, Description) values (13, 3, '2024-10-24', 'Entrepreneurship Panel Series', 'Networking mixer with live music');
insert into Events (EventID, CommunityID, Date, Name, Description) values (14, 5, '2024-04-15', 'Women in STEM Networking Event', 'Networking roundtable discussions');
insert into Events (EventID, CommunityID, Date, Name, Description) values (15, 4, '2024-02-17', 'Professional Headshot Day', 'Professional headshot photo booth');
insert into Events (EventID, CommunityID, Date, Name, Description) values (16, 3, '2024-07-03', 'Coding Challenge Competition', 'Networking coffee chat with mentors');
insert into Events (EventID, CommunityID, Date, Name, Description) values (17, 9, '2024-07-02', 'Start-Up Pitch Night', 'Networking book club discussion');
insert into Events (EventID, CommunityID, Date, Name, Description) values (18, 9, '2024-07-30', 'Career Fair Prep Workshop', 'Networking yoga session');
insert into Events (EventID, CommunityID, Date, Name, Description) values (19, 1, '2024-04-10', 'Graduate School Info Session', 'Networking cooking class');
insert into Events (EventID, CommunityID, Date, Name, Description) values (20, 8, '2024-01-09', 'Industry Trends Roundtable', 'Networking hike and picnic');
insert into Events (EventID, CommunityID, Date, Name, Description) values (21, 7, '2024-09-27', 'Tech Talk Thursdays', 'Meet and greet with industry professionals');
insert into Events (EventID, CommunityID, Date, Name, Description) values (22, 2, '2024-04-27', 'Networking Mixer Mondays', 'Interactive workshops on networking skills');
insert into Events (EventID, CommunityID, Date, Name, Description) values (23, 10, '2024-07-12', 'Career Development Workshop', 'Panel discussion on career opportunities in tech');
insert into Events (EventID, CommunityID, Date, Name, Description) values (24, 3, '2024-09-01', 'Industry Panel Discussions', 'Speed networking session with recruiters');
insert into Events (EventID, CommunityID, Date, Name, Description) values (25, 1, '2024-09-23', 'Resume Building Bootcamp', 'Virtual networking happy hour');
insert into Events (EventID, CommunityID, Date, Name, Description) values (26, 9, '2024-09-21', 'LinkedIn Profile Optimization', 'Mock interview practice with HR professionals');
insert into Events (EventID, CommunityID, Date, Name, Description) values (27, 3, '2024-01-24', 'Mock Interview Practice', 'Resume review session with career coaches');
insert into Events (EventID, CommunityID, Date, Name, Description) values (28, 6, '2024-01-17', 'Job Search Strategies', 'Networking bingo game with prizes');
insert into Events (EventID, CommunityID, Date, Name, Description) values (29, 6, '2024-01-12', 'Personal Branding Workshop', 'LinkedIn profile optimization workshop');
insert into Events (EventID, CommunityID, Date, Name, Description) values (30, 3, '2024-10-24', 'Internship Opportunities Panel', 'Networking scavenger hunt');
insert into Events (EventID, CommunityID, Date, Name, Description) values (31, 3, '2024-08-10', 'Alumni Networking Happy Hour', 'Group networking activities and icebreakers');
insert into Events (EventID, CommunityID, Date, Name, Description) values (32, 7, '2024-07-14', 'Diversity in Tech Panel', 'Networking lunch with keynote speaker');
insert into Events (EventID, CommunityID, Date, Name, Description) values (33, 3, '2023-12-13', 'Entrepreneurship Panel Series', 'Networking mixer with live music');
insert into Events (EventID, CommunityID, Date, Name, Description) values (34, 2, '2024-10-08', 'Women in STEM Networking Event', 'Networking roundtable discussions');
insert into Events (EventID, CommunityID, Date, Name, Description) values (35, 10, '2024-01-13', 'Professional Headshot Day', 'Professional headshot photo booth');
insert into Events (EventID, CommunityID, Date, Name, Description) values (36, 2, '2024-01-09', 'Coding Challenge Competition', 'Networking coffee chat with mentors');
insert into Events (EventID, CommunityID, Date, Name, Description) values (37, 4, '2024-03-12', 'Start-Up Pitch Night', 'Networking book club discussion');
insert into Events (EventID, CommunityID, Date, Name, Description) values (38, 4, '2024-10-12', 'Career Fair Prep Workshop', 'Networking yoga session');
insert into Events (EventID, CommunityID, Date, Name, Description) values (39, 6, '2024-02-08', 'Graduate School Info Session', 'Networking cooking class');
insert into Events (EventID, CommunityID, Date, Name, Description) values (40, 2, '2024-09-26', 'Industry Trends Roundtable', 'Networking hike and picnic');
insert into Events (EventID, CommunityID, Date, Name, Description) values (41, 7, '2024-01-14', 'Tech Talk Thursdays', 'Meet and greet with industry professionals');
insert into Events (EventID, CommunityID, Date, Name, Description) values (42, 10, '2024-08-12', 'Networking Mixer Mondays', 'Interactive workshops on networking skills');
insert into Events (EventID, CommunityID, Date, Name, Description) values (43, 6, '2024-09-18', 'Career Development Workshop', 'Panel discussion on career opportunities in tech');
insert into Events (EventID, CommunityID, Date, Name, Description) values (44, 1, '2024-08-13', 'Industry Panel Discussions', 'Speed networking session with recruiters');
insert into Events (EventID, CommunityID, Date, Name, Description) values (45, 8, '2024-08-07', 'Resume Building Bootcamp', 'Virtual networking happy hour');
insert into Events (EventID, CommunityID, Date, Name, Description) values (46, 8, '2024-09-06', 'LinkedIn Profile Optimization', 'Mock interview practice with HR professionals');
insert into Events (EventID, CommunityID, Date, Name, Description) values (46, 8, '2024-09-06', 'LinkedIn Profile Optimization', 'Mock interview practice with HR professionals');
insert into Events (EventID, CommunityID, Date, Name, Description) values (47, 9, '2024-10-05', 'Mock Interview Practice', 'Resume review session with career coaches');
insert into Events (EventID, CommunityID, Date, Name, Description) values (48, 8, '2024-10-06', 'Job Search Strategies', 'Networking bingo game with prizes');
insert into Events (EventID, CommunityID, Date, Name, Description) values (49, 7, '2024-11-24', 'Personal Branding Workshop', 'LinkedIn profile optimization workshop');
insert into Events (EventID, CommunityID, Date, Name, Description) values (50, 6, '2024-11-08', 'Internship Opportunities Panel', 'Networking scavenger hunt');


-- Feedback
insert into Feedback (FeedbackID, Description, Date, ProgressRating, StudentID, AdvisorID) values (1, 'Still looking for housing', '2024-08-01', 1, 18, 3);
insert into Feedback (FeedbackID, Description, Date, ProgressRating, StudentID, AdvisorID) values (2, 'Thank you for this recommendation!', '2024-05-02', 2, 83, 7);
insert into Feedback (FeedbackID, Description, Date, ProgressRating, StudentID, AdvisorID) values (3, 'Thank you for your help', '2024-08-20', 4, 35, 1);
insert into Feedback (FeedbackID, Description, Date, ProgressRating, StudentID, AdvisorID) values (4, 'Still searching for roommates', '2024-01-02', 3, 80, 9);
insert into Feedback (FeedbackID, Description, Date, ProgressRating, StudentID, AdvisorID) values (5, 'Still searching for roommates', '2024-06-20', 4, 6, 5);
insert into Feedback (FeedbackID, Description, Date, ProgressRating, StudentID, AdvisorID) values (6, 'Thank you for your help', '2024-07-16', 5, 23, 2);
insert into Feedback (FeedbackID, Description, Date, ProgressRating, StudentID, AdvisorID) values (7, 'Housing is in a good area', '2024-01-31', 4, 2, 8);
insert into Feedback (FeedbackID, Description, Date, ProgressRating, StudentID, AdvisorID) values (8, 'Still looking for housing', '2024-05-10', 2, 73, 6);
insert into Feedback (FeedbackID, Description, Date, ProgressRating, StudentID, AdvisorID) values (9, 'Thank you for this recommendation!', '2024-05-23', 5, 90, 4);
insert into Feedback (FeedbackID, Description, Date, ProgressRating, StudentID, AdvisorID) values (10, 'still searching for carpool', '2024-04-27', 3, 93, 10);
insert into Feedback (FeedbackID, Description, Date, ProgressRating, StudentID, AdvisorID) values (11, 'Still searching for roommates', '2024-04-02', 4, 60, 3);
insert into Feedback (FeedbackID, Description, Date, ProgressRating, StudentID, AdvisorID) values (12, 'Enjoying my co-op experience', '2024-08-07', 5, 17, 7);
insert into Feedback (FeedbackID, Description, Date, ProgressRating, StudentID, AdvisorID) values (13, 'Enjoying my co-op experience', '2024-08-05', 4, 81, 1);
insert into Feedback (FeedbackID, Description, Date, ProgressRating, StudentID, AdvisorID) values (14, 'still searching for carpool', '2024-11-14', 2, 15, 9);
insert into Feedback (FeedbackID, Description, Date, ProgressRating, StudentID, AdvisorID) values (15, 'Still looking for housing', '2024-07-17', 2, 98, 5);
insert into Feedback (FeedbackID, Description, Date, ProgressRating, StudentID, AdvisorID) values (16, 'Still looking for housing', '2024-08-22', 3, 39, 2);
insert into Feedback (FeedbackID, Description, Date, ProgressRating, StudentID, AdvisorID) values (17, 'I appreciate your assistance!', '2024-01-09',4, 95, 8);
insert into Feedback (FeedbackID, Description, Date, ProgressRating, StudentID, AdvisorID) values (18, 'Housing is in a good area', '2024-11-09', 5, 30, 6);
insert into Feedback (FeedbackID, Description, Date, ProgressRating, StudentID, AdvisorID) values (19, 'Still searching for roommates', '2024-06-19', 1, 84, 4);
insert into Feedback (FeedbackID, Description, Date, ProgressRating, StudentID, AdvisorID) values (20, 'Still looking for housing', '2023-12-09', 2, 15, 10);
insert into Feedback (FeedbackID, Description, Date, ProgressRating, StudentID, AdvisorID) values (21, 'I appreciate your assistance!', '2024-01-27', 3, 15, 3);
insert into Feedback (FeedbackID, Description, Date, ProgressRating, StudentID, AdvisorID) values (22, 'Thank you for this recommendation!', '2024-01-12', 3, 5, 7);
insert into Feedback (FeedbackID, Description, Date, ProgressRating, StudentID, AdvisorID) values (23, 'still searching for carpool', '2024-10-15', 4, 9, 1);
insert into Feedback (FeedbackID, Description, Date, ProgressRating, StudentID, AdvisorID) values (24, 'still searching for carpool', '2024-09-16', 5, 56, 9);
insert into Feedback (FeedbackID, Description, Date, ProgressRating, StudentID, AdvisorID) values (25, 'Housing is in a good area', '2024-09-17', 1, 70, 5);
insert into Feedback (FeedbackID, Description, Date, ProgressRating, StudentID, AdvisorID) values (26, 'I appreciate your assistance!', '2024-11-02', 2, 45, 2);
insert into Feedback (FeedbackID, Description, Date, ProgressRating, StudentID, AdvisorID) values (27, 'Currently enjoying this co-op', '2024-02-26', 3, 60, 8);
insert into Feedback (FeedbackID, Description, Date, ProgressRating, StudentID, AdvisorID) values (28, 'Still searching for roommates', '2024-07-30', 3, 68, 6);
insert into Feedback (FeedbackID, Description, Date, ProgressRating, StudentID, AdvisorID) values (29, 'Currently enjoying this co-op', '2024-09-27', 4, 24, 4);
insert into Feedback (FeedbackID, Description, Date, ProgressRating, StudentID, AdvisorID) values (30, 'Still searching for roommates', '2024-11-09', 5, 36, 10);
insert into Feedback (FeedbackID, Description, Date, ProgressRating, StudentID, AdvisorID) values (31, 'I appreciate your assistance!', '2024-07-14', 1, 33, 3);
insert into Feedback (FeedbackID, Description, Date, ProgressRating, StudentID, AdvisorID) values (32, 'still searching for carpool', '2024-05-04', 2, 45, 7);
insert into Feedback (FeedbackID, Description, Date, ProgressRating, StudentID, AdvisorID) values (33, 'Enjoying my co-op experience', '2024-11-22', 4, 62, 1);
insert into Feedback (FeedbackID, Description, Date, ProgressRating, StudentID, AdvisorID) values (34, 'Housing is in a good area', '2024-01-12', 3, 81, 9);
insert into Feedback (FeedbackID, Description, Date, ProgressRating, StudentID, AdvisorID) values (35, 'I appreciate your assistance!', '2024-09-07', 4, 3, 5);
insert into Feedback (FeedbackID, Description, Date, ProgressRating, StudentID, AdvisorID) values (36, 'Enjoying my co-op experience', '2024-10-06', 5, 52, 2);
insert into Feedback (FeedbackID, Description, Date, ProgressRating, StudentID, AdvisorID) values (37, 'Currently enjoying this co-op', '2024-06-01', 5, 20, 8);
insert into Feedback (FeedbackID, Description, Date, ProgressRating, StudentID, AdvisorID) values (38, 'still searching for carpool', '2024-07-11', 2, 93, 6);
insert into Feedback (FeedbackID, Description, Date, ProgressRating, StudentID, AdvisorID) values (39, 'Thank you for this recommendation!', '2024-05-04', 5, 43, 4);
insert into Feedback (FeedbackID, Description, Date, ProgressRating, StudentID, AdvisorID) values (40, 'Still searching for roommates', '2024-04-16', 3, 70, 10);
insert into Feedback (FeedbackID, Description, Date, ProgressRating, StudentID, AdvisorID) values (41, 'still searching for carpool', '2024-06-28', 4, 7, 3);
insert into Feedback (FeedbackID, Description, Date, ProgressRating, StudentID, AdvisorID) values (42, 'I appreciate your assistance!', '2024-06-14', 5, 87, 7);
insert into Feedback (FeedbackID, Description, Date, ProgressRating, StudentID, AdvisorID) values (43, 'Enjoying my co-op experience', '2024-10-14', 1, 73, 1);
insert into Feedback (FeedbackID, Description, Date, ProgressRating, StudentID, AdvisorID) values (44, 'Currently enjoying this co-op', '2024-05-31', 2, 35, 9);
insert into Feedback (FeedbackID, Description, Date, ProgressRating, StudentID, AdvisorID) values (45, 'Still looking for housing', '2024-03-29', 4, 3, 5);
insert into Feedback (FeedbackID, Description, Date, ProgressRating, StudentID, AdvisorID) values (46, 'Thank you for your help', '2024-01-07', 3, 2, 2);
insert into Feedback (FeedbackID, Description, Date, ProgressRating, StudentID, AdvisorID) values (47, 'Currently enjoying this co-op', '2023-12-28', 4, 86, 8);
insert into Feedback (FeedbackID, Description, Date, ProgressRating, StudentID, AdvisorID) values (48, 'Thank you for your help', '2024-11-16', 5, 54, 6);
insert into Feedback (FeedbackID, Description, Date, ProgressRating, StudentID, AdvisorID) values (49, 'Currently enjoying this co-op', '2024-05-19', 5, 32, 4);
insert into Feedback (FeedbackID, Description, Date, ProgressRating, StudentID, AdvisorID) values (50, 'I appreciate your assistance!', '2024-03-05', 2, 95, 10);

-- Advisor
insert into Advisor (AdvisorID, Name, Email, Department, StudentID) values (1, 'Jessica Doofenshmirtz', 'gmccard0@nps.gov', 'Khoury College', 8);
insert into Advisor (AdvisorID, Name, Email, Department, StudentID) values (2, 'Babbette Marle', 'bmarle1@bbc.co.uk', 'College of Engineering', 50);
insert into Advisor (AdvisorID, Name, Email, Department, StudentID) values (3, 'Lena Graver', 'lgraver2@creativecommons.org', 'D''Amore Mc-Kim', 99);
insert into Advisor (AdvisorID, Name, Email, Department, StudentID) values (4, 'Kevina Garden', 'kgarden3@sina.com.cn', 'College of Science', 38);
insert into Advisor (AdvisorID, Name, Email, Department, StudentID) values (5, 'Cathryn Tatershall', 'ctatershall4@free.fr', 'Bouve College', 14);
insert into Advisor (AdvisorID, Name, Email, Department, StudentID) values (6, 'Domingo Stanlick', 'dstanlick5@arstechnica.com', 'College of Science', 77);
insert into Advisor (AdvisorID, Name, Email, Department, StudentID) values (7, 'Joyous Ferby', 'jferby6@yahoo.com', 'Khoury College', 91);
insert into Advisor (AdvisorID, Name, Email, Department, StudentID) values (8, 'Thibaut Biles', 'tbiles7@4shared.com', 'College of Engineering', 17);
insert into Advisor (AdvisorID, Name, Email, Department, StudentID) values (9, 'Tana Roblou', 'troblou8@cargocollective.com', 'D''Amore Mc-Kim', 26);
insert into Advisor (AdvisorID, Name, Email, Department, StudentID) values (10, 'Sheridan Gunny', 'sgunny9@arizona.edu', 'College of Science', 65);

-- Task
insert into Task (Description, Reminder, AssignedTo, DueDate, Status, AdvisorID) values ('Khoury College', '2024-02-27', 22, '2024-08-03', 'In Progress', 6);
insert into Task (Description, Reminder, AssignedTo, DueDate, Status, AdvisorID) values ('College of Engineering', '2024-05-09', 89, '2024-03-09', 'In Progress', 10);
insert into Task (Description, Reminder, AssignedTo, DueDate, Status, AdvisorID) values ('D''Amore Mc-Kim', '2024-07-08', 37, '2024-05-01', 'Completed', 8);
insert into Task (Description, Reminder, AssignedTo, DueDate, Status, AdvisorID) values ('College of Science', '2024-11-26', 55, '2024-02-20', 'Completed', 1);
insert into Task (Description, Reminder, AssignedTo, DueDate, Status, AdvisorID) values ('Bouve College', '2024-06-02', 50, '2024-04-09', 'Received', 9);
insert into Task (Description, Reminder, AssignedTo, DueDate, Status, AdvisorID) values ('College of Science', '2024-05-03', 50, '2024-11-24', 'Completed', 4);
insert into Task (Description, Reminder, AssignedTo, DueDate, Status, AdvisorID) values ('Khoury College', '2024-09-07', 69, '2024-08-22', 'Completed', 6);
insert into Task (Description, Reminder, AssignedTo, DueDate, Status, AdvisorID) values ('College of Engineering', '2024-03-25', 84, '2024-06-23', 'In Progress', 6);
insert into Task (Description, Reminder, AssignedTo, DueDate, Status, AdvisorID) values ('D''Amore Mc-Kim', '2024-05-26', 86, '2024-08-25', 'Received', 10);
insert into Task (Description, Reminder, AssignedTo, DueDate, Status, AdvisorID) values ('College of Science', '2023-12-04', 65, '2024-11-30', 'Completed', 10);
insert into Task (Description, Reminder, AssignedTo, DueDate, Status, AdvisorID) values ('Bouve College', '2024-03-26', 26, '2024-04-04', 'Received', 2);
insert into Task (Description, Reminder, AssignedTo, DueDate, Status, AdvisorID) values ('College of Science', '2024-05-14', 12, '2024-10-24', 'In Progress', 1);
insert into Task (Description, Reminder, AssignedTo, DueDate, Status, AdvisorID) values ('Khoury College', '2024-03-05', 73, '2024-01-06', 'Completed', 7);
insert into Task (Description, Reminder, AssignedTo, DueDate, Status, AdvisorID) values ('College of Engineering', '2024-04-18', 82, '2024-08-28', 'Received', 2);
insert into Task (Description, Reminder, AssignedTo, DueDate, Status, AdvisorID) values ('D''Amore Mc-Kim', '2024-11-27', 53, '2024-08-26', 'Received', 1);
insert into Task (Description, Reminder, AssignedTo, DueDate, Status, AdvisorID) values ('College of Science', '2024-09-25', 96, '2024-11-30', 'Received', 1);
insert into Task (Description, Reminder, AssignedTo, DueDate, Status, AdvisorID) values ('Bouve College', '2024-07-05', 81, '2024-01-27', 'In Progress', 7);
insert into Task (Description, Reminder, AssignedTo, DueDate, Status, AdvisorID) values ('College of Science', '2024-09-16', 50, '2023-12-15', 'In Progress', 5);
insert into Task (Description, Reminder, AssignedTo, DueDate, Status, AdvisorID) values ('Khoury College', '2024-10-18', 80, '2024-04-15', 'Received', 6);
insert into Task (Description, Reminder, AssignedTo, DueDate, Status, AdvisorID) values ('College of Engineering', '2024-09-21', 69, '2024-04-27', 'Completed', 3);
insert into Task (Description, Reminder, AssignedTo, DueDate, Status, AdvisorID) values ('D''Amore Mc-Kim', '2024-02-21', 26, '2024-07-21', 'Completed', 6);
insert into Task (Description, Reminder, AssignedTo, DueDate, Status, AdvisorID) values ('College of Science', '2024-10-24', 69, '2024-09-30', 'Received', 4);
insert into Task (Description, Reminder, AssignedTo, DueDate, Status, AdvisorID) values ('Bouve College', '2024-07-20', 15, '2024-02-28', 'Received', 6);
insert into Task (Description, Reminder, AssignedTo, DueDate, Status, AdvisorID) values ('College of Science', '2024-11-03', 44, '2024-04-28', 'Completed', 5);
insert into Task (Description, Reminder, AssignedTo, DueDate, Status, AdvisorID) values ('Khoury College', '2024-03-04', 32, '2024-02-14', 'Received', 1);
insert into Task (Description, Reminder, AssignedTo, DueDate, Status, AdvisorID) values ('College of Engineering', '2024-03-02', 44, '2024-06-16', 'In Progress', 6);
insert into Task (Description, Reminder, AssignedTo, DueDate, Status, AdvisorID) values ('D''Amore Mc-Kim', '2024-04-01', 2, '2024-02-22', 'Received', 6);
insert into Task (Description, Reminder, AssignedTo, DueDate, Status, AdvisorID) values ('College of Science', '2024-06-06', 14, '2023-12-14', 'In Progress', 7);
insert into Task (Description, Reminder, AssignedTo, DueDate, Status, AdvisorID) values ('Bouve College', '2023-12-19', 24, '2024-04-14', 'Received', 5);
insert into Task (Description, Reminder, AssignedTo, DueDate, Status, AdvisorID) values ('College of Science', '2024-01-28', 40, '2023-12-20', 'Completed', 2);
insert into Task (Description, Reminder, AssignedTo, DueDate, Status, AdvisorID) values ('Khoury College', '2024-07-16', 51, '2024-02-29', 'Received', 9);
insert into Task (Description, Reminder, AssignedTo, DueDate, Status, AdvisorID) values ('College of Engineering', '2024-10-16', 34, '2024-07-31', 'In Progress', 9);
insert into Task (Description, Reminder, AssignedTo, DueDate, Status, AdvisorID) values ('D''Amore Mc-Kim', '2024-05-27', 89, '2024-10-10', 'Received', 8);
insert into Task (Description, Reminder, AssignedTo, DueDate, Status, AdvisorID) values ('College of Science', '2024-09-26', 13, '2024-09-23', 'Received', 5);
insert into Task (Description, Reminder, AssignedTo, DueDate, Status, AdvisorID) values ('Bouve College', '2023-12-21', 47, '2024-11-20', 'Completed', 5);
insert into Task (Description, Reminder, AssignedTo, DueDate, Status, AdvisorID) values ('College of Science', '2024-06-05', 40, '2024-02-04', 'In Progress', 10);
insert into Task (Description, Reminder, AssignedTo, DueDate, Status, AdvisorID) values ('Khoury College', '2024-10-07', 35, '2024-03-11', 'Completed', 1);
insert into Task (Description, Reminder, AssignedTo, DueDate, Status, AdvisorID) values ('College of Engineering', '2024-04-08', 23, '2024-03-18', 'Completed', 1);
insert into Task (Description, Reminder, AssignedTo, DueDate, Status, AdvisorID) values ('D''Amore Mc-Kim', '2024-03-26', 36, '2024-05-10', 'Completed', 4);
insert into Task (Description, Reminder, AssignedTo, DueDate, Status, AdvisorID) values ('College of Science', '2024-07-14', 68, '2024-10-09', 'In Progress', 5);
insert into Task (Description, Reminder, AssignedTo, DueDate, Status, AdvisorID) values ('Bouve College', '2024-09-03', 94, '2024-06-20', 'In Progress', 7);
insert into Task (Description, Reminder, AssignedTo, DueDate, Status, AdvisorID) values ('College of Science', '2024-04-11', 23, '2024-02-11', 'In Progress', 9);
insert into Task (Description, Reminder, AssignedTo, DueDate, Status, AdvisorID) values ('Khoury College', '2023-12-10', 86, '2024-05-04', 'Received', 8);
insert into Task (Description, Reminder, AssignedTo, DueDate, Status, AdvisorID) values ('College of Engineering', '2024-11-08', 77, '2024-10-07', 'Completed', 4);
insert into Task (Description, Reminder, AssignedTo, DueDate, Status, AdvisorID) values ('D''Amore Mc-Kim', '2023-12-07', 11, '2024-02-15', 'In Progress', 1);
insert into Task (Description, Reminder, AssignedTo, DueDate, Status, AdvisorID) values ('College of Science', '2024-04-07', 73, '2024-04-16', 'In Progress', 3);
insert into Task (Description, Reminder, AssignedTo, DueDate, Status, AdvisorID) values ('Bouve College', '2024-08-28', 3, '2024-04-05', 'Received', 3);
insert into Task (Description, Reminder, AssignedTo, DueDate, Status, AdvisorID) values ('College of Science', '2024-07-28', 16, '2024-01-17', 'Completed', 3);
insert into Task (Description, Reminder, AssignedTo, DueDate, Status, AdvisorID) values ('Khoury College', '2024-02-21', 73, '2024-11-12', 'Completed', 1);
insert into Task (Description, Reminder, AssignedTo, DueDate, Status, AdvisorID) values ('College of Engineering', '2024-08-21', 40, '2024-09-04', 'Completed', 6);

-- SystemLog
insert into SystemLog (TicketID, Timestamp, Activity, MetricType, Privacy, Security) values ('Khoury College', '2024-03-27 09:10:45', 'User logged in', 'CPU Usage', 'Data Minimization Compliance', 'Intrusion Detection Alerts');
insert into SystemLog (TicketID, Timestamp, Activity, MetricType, Privacy, Security) values ('College of Engineering', '2024-08-18 13:56:45', 'User viewed dashboard', 'System Load', 'Data Retention Policy Compliance', 'Authentication Failures');
insert into SystemLog (TicketID, Timestamp, Activity, MetricType, Privacy, Security) values ('D''Amore Mc-Kim', '2024-04-02 21:27:13', 'User updated profile', 'System Uptime', 'Data Retention Policy Compliance', 'Encryption Key Rotation');
insert into SystemLog (TicketID, Timestamp, Activity, MetricType, Privacy, Security) values ('College of Science', '2024-09-07 19:30:18', 'User logged out', 'Incident Resolution Time', 'Data Sharing Permissions', 'Access Control Compliance');
insert into SystemLog (TicketID, Timestamp, Activity, MetricType, Privacy, Security) values ('Bouve College', '2024-05-23 17:18:14', 'User logged out', 'Error Rate', 'Data Anonymization Compliance', 'Access Control Compliance');
insert into SystemLog (TicketID, Timestamp, Activity, MetricType, Privacy, Security) values ('College of Science', '2023-12-06 17:34:34', 'User logged out', 'System Uptime', 'User Consent Management', 'Two-Factor Authentication (2FA) Usage');
insert into SystemLog (TicketID, Timestamp, Activity, MetricType, Privacy, Security) values ('Khoury College', '2024-05-02 19:55:05', 'User logged out', 'Network Latency', 'Sensitive Data Exposure', 'Two-Factor Authentication (2FA) Usage');
insert into SystemLog (TicketID, Timestamp, Activity, MetricType, Privacy, Security) values ('College of Engineering', '2024-10-19 13:04:17', 'User logged out', 'Patch Management', 'Data Collection Transparency', 'Firewall Activity');
insert into SystemLog (TicketID, Timestamp, Activity, MetricType, Privacy, Security) values ('D''Amore Mc-Kim', '2024-07-07 11:36:15', 'User logged in', 'Error Rate', 'Data Retention Policy Compliance', 'Unauthorized Access Attempts');
insert into SystemLog (TicketID, Timestamp, Activity, MetricType, Privacy, Security) values ('College of Science', '2024-04-22 10:57:34', 'User logged in', 'Error Rate', 'Data Access Audits', 'Unauthorized Access Attempts');
insert into SystemLog (TicketID, Timestamp, Activity, MetricType, Privacy, Security) values ('Bouve College', '2024-08-12 00:43:26', 'User made a purchase', 'System Load', 'Data Minimization Compliance', 'Phishing Attempts');
insert into SystemLog (TicketID, Timestamp, Activity, MetricType, Privacy, Security) values ('College of Science', '2024-05-27 19:41:32', 'User viewed dashboard', 'Error Rate', 'Sensitive Data Exposure', 'Authentication Failures');
insert into SystemLog (TicketID, Timestamp, Activity, MetricType, Privacy, Security) values ('Khoury College', '2024-09-18 01:52:11', 'User viewed dashboard', 'Service Downtime', 'Data Anonymization Compliance', 'Security Vulnerability Scans');
insert into SystemLog (TicketID, Timestamp, Activity, MetricType, Privacy, Security) values ('College of Engineering', '2024-03-20 22:24:55', 'User logged in', 'Backup Success Rate', 'Data Collection Transparency', 'Audit Log Entries');
insert into SystemLog (TicketID, Timestamp, Activity, MetricType, Privacy, Security) values ('D''Amore Mc-Kim', '2024-05-08 00:23:35', 'User logged in', 'Compliance Rate', 'User Data Access Requests', 'Unauthorized Access Attempts');
insert into SystemLog (TicketID, Timestamp, Activity, MetricType, Privacy, Security) values ('College of Science', '2023-12-15 15:12:20', 'User updated profile', 'Database Backup Frequency', 'Data Minimization Compliance', 'Phishing Attempts');
insert into SystemLog (TicketID, Timestamp, Activity, MetricType, Privacy, Security) values ('Bouve College', '2024-09-09 22:04:23', 'User searched for products', 'Data Throughput', 'Sensitive Data Exposure', 'Phishing Attempts');
insert into SystemLog (TicketID, Timestamp, Activity, MetricType, Privacy, Security) values ('College of Science', '2024-10-29 16:55:37', 'User searched for products', 'System Scalability', 'Data Retention Policy Compliance', 'Audit Log Entries');
insert into SystemLog (TicketID, Timestamp, Activity, MetricType, Privacy, Security) values ('Khoury College', '2024-08-24 17:11:28', 'User logged in', 'System Scalability', 'Data Anonymization Compliance', 'Audit Log Entries');
insert into SystemLog (TicketID, Timestamp, Activity, MetricType, Privacy, Security) values ('College of Engineering', '2024-05-30 22:40:11', 'User searched for products', 'Memory Usage', 'Sensitive Data Exposure', 'Phishing Attempts');
insert into SystemLog (TicketID, Timestamp, Activity, MetricType, Privacy, Security) values ('D''Amore Mc-Kim', '2024-10-08 14:54:43', 'User logged in', 'Database Query Time', 'Data Anonymization Compliance', 'Phishing Attempts');
insert into SystemLog (TicketID, Timestamp, Activity, MetricType, Privacy, Security) values ('College of Science', '2023-12-11 09:22:34', 'User added item to cart', 'User Login Attempts', 'Data Sharing Permissions', 'Unauthorized Access Attempts');
insert into SystemLog (TicketID, Timestamp, Activity, MetricType, Privacy, Security) values ('Bouve College', '2024-01-07 12:43:32', 'User requested password reset', 'Disk Space', 'User Data Access Requests', 'Security Patch Compliance');
insert into SystemLog (TicketID, Timestamp, Activity, MetricType, Privacy, Security) values ('College of Science', '2024-07-04 01:21:21', 'User added item to cart', 'Response Time', 'Data Sharing Permissions', 'Unauthorized Access Attempts');
insert into SystemLog (TicketID, Timestamp, Activity, MetricType, Privacy, Security) values ('Khoury College', '2024-01-31 02:41:53', 'User updated profile', 'Security Events', 'Privacy Policy Compliance', 'Password Strength Compliance');
insert into SystemLog (TicketID, Timestamp, Activity, MetricType, Privacy, Security) values ('College of Engineering', '2024-03-25 08:42:17', 'User logged out', 'Error Rate', 'Privacy Policy Compliance', 'Unauthorized Access Attempts');
insert into SystemLog (TicketID, Timestamp, Activity, MetricType, Privacy, Security) values ('D''Amore Mc-Kim', '2024-10-16 00:54:25', 'User added item to cart', 'User Login Attempts', 'Privacy Policy Compliance', 'Password Strength Compliance');
insert into SystemLog (TicketID, Timestamp, Activity, MetricType, Privacy, Security) values ('College of Science', '2024-02-14 15:58:24', 'User updated profile', 'Error Rate', 'Data Collection Transparency', 'Password Strength Compliance');
insert into SystemLog (TicketID, Timestamp, Activity, MetricType, Privacy, Security) values ('Bouve College', '2024-10-05 12:35:21', 'User made a purchase', 'User Login Attempts', 'Data Anonymization Compliance', 'Access Requests');
insert into SystemLog (TicketID, Timestamp, Activity, MetricType, Privacy, Security) values ('College of Science', '2024-01-15 10:46:13', 'User logged out', 'System Scalability', 'Data Collection Transparency', 'Security Breach Incidents');
insert into SystemLog (TicketID, Timestamp, Activity, MetricType, Privacy, Security) values ('Khoury College', '2024-03-08 04:42:51', 'User logged in', 'Patch Management', 'Data Access Audits', 'Access Requests');
insert into SystemLog (TicketID, Timestamp, Activity, MetricType, Privacy, Security) values ('College of Engineering', '2024-08-23 02:36:45', 'User made a purchase', 'User Login Attempts', 'Data Access Audits', 'Audit Log Entries');
insert into SystemLog (TicketID, Timestamp, Activity, MetricType, Privacy, Security) values ('D''Amore Mc-Kim', '2024-01-14 22:57:14', 'User made a purchase', 'System Uptime', 'Data Retention Policy Compliance', 'Security Patch Compliance');
insert into SystemLog (TicketID, Timestamp, Activity, MetricType, Privacy, Security) values ('College of Science', '2024-07-08 23:42:30', 'User logged out', 'Database Backup Frequency', 'Sensitive Data Exposure', 'Data Encryption Status');
insert into SystemLog (TicketID, Timestamp, Activity, MetricType, Privacy, Security) values ('Bouve College', '2024-08-03 00:09:08', 'User added item to cart', 'System Uptime', 'Privacy Policy Compliance', 'Phishing Attempts');
insert into SystemLog (TicketID, Timestamp, Activity, MetricType, Privacy, Security) values ('College of Science', '2024-04-08 14:22:41', 'User changed password', 'Response Time', 'Data Minimization Compliance', 'Data Encryption Status');
insert into SystemLog (TicketID, Timestamp, Activity, MetricType, Privacy, Security) values ('Khoury College', '2024-10-26 13:44:57', 'User made a purchase', 'Incident Resolution Time', 'User Data Access Requests', 'Data Encryption Status');
insert into SystemLog (TicketID, Timestamp, Activity, MetricType, Privacy, Security) values ('College of Engineering', '2024-01-31 01:47:53', 'User added item to cart', 'Compliance Rate', 'Sensitive Data Exposure', 'Encryption Key Rotation');
insert into SystemLog (TicketID, Timestamp, Activity, MetricType, Privacy, Security) values ('D''Amore Mc-Kim', '2024-04-10 15:29:05', 'User searched for products', 'Database Backup Frequency', 'Data Retention Policy Compliance', 'Access Control Compliance');
insert into SystemLog (TicketID, Timestamp, Activity, MetricType, Privacy, Security) values ('College of Science', '2024-06-16 23:55:27', 'User logged in', 'CPU Usage', 'Data Sharing Permissions', 'Phishing Attempts');
insert into SystemLog (TicketID, Timestamp, Activity, MetricType, Privacy, Security) values ('Bouve College', '2024-01-30 08:58:05', 'User logged out', 'Service Downtime', 'Data Access Audits', 'Encryption Key Rotation');
insert into SystemLog (TicketID, Timestamp, Activity, MetricType, Privacy, Security) values ('College of Science', '2024-06-09 19:10:09', 'User requested password reset', 'Memory Usage', 'Data Retention Policy Compliance', 'Phishing Attempts');
insert into SystemLog (TicketID, Timestamp, Activity, MetricType, Privacy, Security) values ('Khoury College', '2024-03-31 06:09:19', 'User logged out', 'Network Latency', 'Privacy Policy Compliance', 'Encryption Key Rotation');
insert into SystemLog (TicketID, Timestamp, Activity, MetricType, Privacy, Security) values ('College of Engineering', '2024-08-15 23:14:31', 'User searched for products', 'Compliance Rate', 'User Data Access Requests', 'Phishing Attempts');
insert into SystemLog (TicketID, Timestamp, Activity, MetricType, Privacy, Security) values ('D''Amore Mc-Kim', '2024-05-06 17:10:56', 'User added item to cart', 'Disk Space', 'Data Retention Policy Compliance', 'Password Strength Compliance');
insert into SystemLog (TicketID, Timestamp, Activity, MetricType, Privacy, Security) values ('College of Science', '2024-02-04 01:54:22', 'User made a purchase', 'Response Time', 'User Data Access Requests', 'Unauthorized Access Attempts');
insert into SystemLog (TicketID, Timestamp, Activity, MetricType, Privacy, Security) values ('Bouve College', '2024-11-28 21:06:43', 'User logged in', 'Security Events', 'Data Anonymization Compliance', 'Security Patch Compliance');
insert into SystemLog (TicketID, Timestamp, Activity, MetricType, Privacy, Security) values ('College of Science', '2024-06-15 13:53:17', 'User logged in', 'Database Backup Frequency', 'Data Retention Policy Compliance', 'Phishing Attempts');
insert into SystemLog (TicketID, Timestamp, Activity, MetricType, Privacy, Security) values ('Khoury College', '2024-03-19 04:19:05', 'User added item to cart', 'System Load', 'Privacy Policy Compliance', 'Data Encryption Status');
insert into SystemLog (TicketID, Timestamp, Activity, MetricType, Privacy, Security) values ('College of Engineering', '2024-01-28 09:04:12', 'User changed password', 'Active Connections', 'Sensitive Data Exposure', 'Firewall Activity');

-- SystemHealth
insert into SystemHealth (LogID, Timestamp, Status, MetricType) values (12, '2023-12-08 03:13:57', 'Normal', 'Security Events');
insert into SystemHealth (LogID, Timestamp, Status, MetricType) values (34, '2023-12-02 23:34:00', 'Active', 'Network Latency');
insert into SystemHealth (LogID, Timestamp, Status, MetricType) values (7, '2024-06-20 11:47:06', 'Operational', 'Service Downtime');
insert into SystemHealth (LogID, Timestamp, Status, MetricType) values (23, '2024-02-26 08:05:29', 'Recovered', 'Data Throughput');
insert into SystemHealth (LogID, Timestamp, Status, MetricType) values (45, '2024-06-29 11:52:55', 'Operational', 'Backup Success Rate');
insert into SystemHealth (LogID, Timestamp, Status, MetricType) values (18, '2024-05-21 12:15:08', 'Operational', 'Incident Resolution Time');
insert into SystemHealth (LogID, Timestamp, Status, MetricType) values (31, '2023-12-20 16:19:30', 'Recovered', 'Service Downtime');
insert into SystemHealth (LogID, Timestamp, Status, MetricType) values (9, '2023-12-25 09:35:03', 'Normal', 'Database Backup Frequency');
insert into SystemHealth (LogID, Timestamp, Status, MetricType) values (27, '2024-01-11 21:42:14', 'Complete', 'System Uptime');
insert into SystemHealth (LogID, Timestamp, Status, MetricType) values (50, '2024-06-08 16:58:41', 'Recovered', 'Service Downtime');
insert into SystemHealth (LogID, Timestamp, Status, MetricType) values (14, '2024-10-25 20:48:26', 'Complete', 'Disk Space');
insert into SystemHealth (LogID, Timestamp, Status, MetricType) values (39, '2024-05-14 09:39:44', 'Recovered', 'System Uptime');
insert into SystemHealth (LogID, Timestamp, Status, MetricType) values (5, '2024-06-24 02:45:26', 'Active', 'User Login Attempts');
insert into SystemHealth (LogID, Timestamp, Status, MetricType) values (20, '2024-07-24 13:11:47', 'Normal', 'System Scalability');
insert into SystemHealth (LogID, Timestamp, Status, MetricType) values (42, '2024-07-17 13:01:47', 'Complete', 'Error Rate');
insert into SystemHealth (LogID, Timestamp, Status, MetricType) values (3, '2024-11-05 13:29:34', 'Recovered', 'CPU Usage');
insert into SystemHealth (LogID, Timestamp, Status, MetricType) values (36, '2024-03-25 07:56:21', 'Operational', 'Service Downtime');
insert into SystemHealth (LogID, Timestamp, Status, MetricType) values (10, '2024-03-22 07:01:50', 'Complete', 'Response Time');
insert into SystemHealth (LogID, Timestamp, Status, MetricType) values (25, '2024-05-16 19:39:19', 'Complete', 'Data Throughput');
insert into SystemHealth (LogID, Timestamp, Status, MetricType) values (48, '2024-11-05 10:44:02', 'Complete', 'Patch Management');
insert into SystemHealth (LogID, Timestamp, Status, MetricType) values (16, '2024-05-01 15:17:33', 'Normal', 'CPU Usage');
insert into SystemHealth (LogID, Timestamp, Status, MetricType) values (41, '2024-03-21 17:26:03', 'Normal', 'Security Events');
insert into SystemHealth (LogID, Timestamp, Status, MetricType) values (8, '2024-04-09 02:34:09', 'Recovered', 'User Login Attempts');
insert into SystemHealth (LogID, Timestamp, Status, MetricType) values (30, '2024-11-21 15:10:52', 'Active', 'System Scalability');
insert into SystemHealth (LogID, Timestamp, Status, MetricType) values (47, '2024-11-20 22:30:35', 'Active', 'Backup Success Rate');
insert into SystemHealth (LogID, Timestamp, Status, MetricType) values (13, '2024-08-31 10:17:14', 'Recovered', 'Network Latency');
insert into SystemHealth (LogID, Timestamp, Status, MetricType) values (38, '2024-03-10 16:47:48', 'Normal', 'System Uptime');
insert into SystemHealth (LogID, Timestamp, Status, MetricType) values (6, '2024-11-18 07:29:51', 'Active', 'Network Latency');
insert into SystemHealth (LogID, Timestamp, Status, MetricType) values (21, '2024-08-23 20:03:42', 'Operational', 'Data Throughput');
insert into SystemHealth (LogID, Timestamp, Status, MetricType) values (44, '2024-10-22 18:03:39', 'Operational', 'Disk Space');
insert into SystemHealth (LogID, Timestamp, Status, MetricType) values (2, '2024-06-10 10:19:24', 'Active', 'Data Throughput');
insert into SystemHealth (LogID, Timestamp, Status, MetricType) values (35, '2024-09-24 13:11:15', 'Recovered', 'User Login Attempts');
insert into SystemHealth (LogID, Timestamp, Status, MetricType) values (11, '2024-10-30 09:38:08', 'Operational', 'Database Backup Frequency');
insert into SystemHealth (LogID, Timestamp, Status, MetricType) values (26, '2024-05-20 00:54:29', 'Recovered', 'Network Latency');
insert into SystemHealth (LogID, Timestamp, Status, MetricType) values (49, '2024-11-09 18:50:06', 'Active', 'Database Backup Frequency');
insert into SystemHealth (LogID, Timestamp, Status, MetricType) values (15, '2024-07-25 12:48:28', 'Normal', 'Disk Space');
insert into SystemHealth (LogID, Timestamp, Status, MetricType) values (40, '2023-12-31 12:28:57', 'Recovered', 'Error Rate');
insert into SystemHealth (LogID, Timestamp, Status, MetricType) values (4, '2024-02-01 03:15:07', 'Operational', 'Active Connections');
insert into SystemHealth (LogID, Timestamp, Status, MetricType) values (19, '2024-08-18 07:34:13', 'Recovered', 'System Uptime');
insert into SystemHealth (LogID, Timestamp, Status, MetricType) values (43, '2024-11-11 05:01:35', 'Normal', 'System Load');
insert into SystemHealth (LogID, Timestamp, Status, MetricType) values (1, '2023-12-10 23:28:13', 'Active', 'Response Time');
insert into SystemHealth (LogID, Timestamp, Status, MetricType) values (37, '2024-05-17 12:57:33', 'Complete', 'Disk Space');
insert into SystemHealth (LogID, Timestamp, Status, MetricType) values (24, '2024-08-05 23:12:30', 'Normal', 'Database Query Time');
insert into SystemHealth (LogID, Timestamp, Status, MetricType) values (46, '2024-03-07 08:42:21', 'Active', 'Database Backup Frequency');
insert into SystemHealth (LogID, Timestamp, Status, MetricType) values (17, '2024-05-06 10:13:32', 'Normal', 'Patch Management');
insert into SystemHealth (LogID, Timestamp, Status, MetricType) values (32, '2024-09-22 01:10:12', 'Complete', 'CPU Usage');
insert into SystemHealth (LogID, Timestamp, Status, MetricType) values (22, '2024-01-30 03:51:19', 'Normal', 'Data Throughput');
insert into SystemHealth (LogID, Timestamp, Status, MetricType) values (33, '2024-06-11 12:00:15', 'Operational', 'Disk Space');
insert into SystemHealth (LogID, Timestamp, Status, MetricType) values (28, '2024-05-26 08:55:01', 'Complete', 'Patch Management');
insert into SystemHealth (LogID, Timestamp, Status, MetricType) values (29, '2024-11-28 04:45:43', 'Operational', 'User Login Attempts');
